Temperature (K);Pressure (MPa);Density (mol/l);Volume (l/mol);Internal Energy (kJ/mol);Enthalpy (kJ/mol);Entropy (J/mol*K);Cv (J/mol*K);Cp (J/mol*K);Sound Spd. (m/s);Joule-Thomson (K/MPa);Viscosity (uPa*s);Therm. Cond. (W/m*K);Surf. Tension (N/m);Phase
27.316.000;0.00061165477;55.496.955;0.018019007;-1,52E-05;1,10E+02;-5,32E-05;75.978.165;76.022.837;14.022.721;-0.24142135;17.913.579;0.55559854;0.075646271;liquid
27.378.323;0.00063991729;55.499.112;0.018018306;0.047367508;0.047379038;0.17320822;75.953.412;75.984.753;14.053.917;-0.24081370;17.531.229;0.55718473;0.075559081;liquid
27.440.645;0.00066933115;55.500.884;0.018017731;0.094711830;0.094723890;0.34593802;75.927.912;75.948.422;14.084.660;-0.24021394;17.161.773;0.55874926;0.075471661;liquid
27.502.968;0.00069993618;55.502.280;0.018017278;0.14203403;0.14204664;0.51819545;75.901.686;75.913.760;14.114.954;-0.23962182;16.804.624;0.56029275;0.075384010;liquid
27.565.291;0.00073177416;55.503.308;0.018016944;0.18933513;0.18934832;0.68998632;75.874.755;75.880.687;14.144.806;-0.23903712;16.459.229;0.56181576;0.075296129;liquid
27.627.613;0.00076488737;55.503.975;0.018016728;0.23661609;0.23662987;0.86131626;75.847.136;75.849.127;14.174.221;-0.23845961;16.125.066;0.56331883;0.075208019;liquid
27.689.936;0.00079931906;55.504.288;0.018016626;0.28387783;0.28389223;10.321.907;75.818.850;75.819.010;14.203.203;-0.23788908;15.801.643;0.56480251;0.075119679;liquid
27.752.259;0.00083511497;55.504.255;0.018016637;0.33112124;0.33113628;12.026.147;75.789.912;75.790.269;14.231.759;-0.23732532;15.488.492;0.56626729;0.075031110;liquid
27.814.581;0.00087232035;55.503.882;0.018016758;0.37834714;0.37836285;13.725.936;75.760.341;75.762.843;14.259.893;-0.23676814;15.185.174;0.56771365;0.074942311;liquid
27.876.904;0.00091098311;55.503.175;0.018016987;0.42555634;0.42557275;15.421.319;75.730.152;75.736.672;14.287.610;-0.23621733;14.891.271;0.56914206;0.074853285;liquid
27.939.227;0.00095115216;55.502.141;0.018017323;0.47274960;0.47276674;17.112.346;75.699.359;75.711.701;14.314.916;-0.23567272;14.606.388;0.57055296;0.074764030;liquid
28.001.549;0.00099287693;55.500.786;0.018017763;0.51992766;0.51994555;18.799.062;75.667.979;75.687.876;14.341.815;-0.23513412;14.330.149;0.57194678;0.074674546;liquid
28.063.872;0.0010362091;55.499.116;0.018018305;0.56709122;0.56710989;20.481.510;75.636.024;75.665.148;14.368.312;-0.23460136;14.062.200;0.57332393;0.074584835;liquid
28.126.195;0.0010812014;55.497.135;0.018018948;0.61424093;0.61426042;22.159.733;75.603.509;75.643.471;14.394.412;-0.23407428;13.802.204;0.57468480;0.074494897;liquid
28.188.517;0.0011279080;55.494.851;0.018019690;0.66137745;0.66139778;23.833.773;75.570.445;75.622.798;14.420.118;-0.23355271;13.549.841;0.57602976;0.074404731;liquid
28.250.840;0.0011763846;55.492.267;0.018020529;0.70850139;0.70852259;25.503.670;75.536.845;75.603.089;14.445.437;-0.23303650;13.304.808;0.57735919;0.074314338;liquid
28.313.163;0.0012266875;55.489.390;0.018021463;0.75561333;0.75563543;27.169.463;75.502.721;75.584.303;14.470.371;-0.23252550;13.066.815;0.57867342;0.074223719;liquid
28.375.485;0.0012788762;55.486.224;0.018022492;0.80271383;0.80273688;28.831.190;75.468.084;75.566.401;14.494.926;-0.23201956;12.835.588;0.57997279;0.074132873;liquid
28.437.808;0.0013330099;55.482.773;0.018023612;0.84980344;0.84982747;30.488.888;75.432.943;75.549.348;14.519.106;-0.23151855;12.610.867;0.58125762;0.074041801;liquid
28.500.131;0.0013891505;55.479.043;0.018024824;0.89688268;0.89690771;32.142.592;75.397.311;75.533.109;14.542.914;-0.23102233;12.392.403;0.58252821;0.073950504;liquid
28.562.453;0.0014473609;55.475.037;0.018026126;0.94395203;0.94397812;33.792.338;75.361.195;75.517.650;14.566.354;-0.23053077;12.179.959;0.58378487;0.073858981;liquid
28.624.776;0.0015077057;55.470.761;0.018027515;0.99101198;0.99103916;35.438.159;75.324.607;75.502.941;14.589.432;-0.23004374;11.973.310;0.58502788;0.073767232;liquid
28.687.099;0.0015702515;55.466.218;0.018028992;10.380.630;10.380.913;37.080.088;75.287.553;75.488.952;14.612.150;-0.22956113;11.772.242;0.58625752;0.073675259;liquid
28.749.421;0.0016350662;55.461.413;0.018030554;10.851.055;10.851.350;38.718.158;75.250.044;75.475.654;14.634.513;-0.22908280;11.576.550;0.58747403;0.073583061;liquid
28.811.744;0.0017022190;55.456.349;0.018032200;11.321.399;11.321.706;40.352.400;75.212.088;75.463.021;14.656.524;-0.22860866;11.386.038;0.58867769;0.073490638;liquid
28.874.067;0.0017717816;55.451.031;0.018033930;11.791.666;11.791.986;41.982.845;75.173.691;75.451.025;14.678.187;-0.22813859;11.200.521;0.58986873;0.073397992;liquid
28.936.389;0.0018438268;55.445.461;0.018035741;12.261.861;12.262.193;43.609.522;75.134.863;75.439.643;14.699.506;-0.22767248;11.019.820;0.59104738;0.073305121;liquid
28.998.712;0.0019184297;55.439.645;0.018037634;12.731.986;12.732.332;45.232.461;75.095.611;75.428.850;14.720.484;-0.22721023;10.843.765;0.59221388;0.073212027;liquid
29.061.035;0.0019956668;55.433.584;0.018039606;13.202.046;13.202.406;46.851.689;75.055.940;75.418.624;14.741.125;-0.22675175;10.672.195;0.59336843;0.073118710;liquid
29.123.357;0.0020756162;55.427.283;0.018041656;13.672.044;13.672.418;48.467.236;75.015.860;75.408.943;14.761.432;-0.22629692;10.504.953;0.59451125;0.073025170;liquid
29.185.680;0.0021583588;55.420.745;0.018043785;14.141.983;14.142.372;50.079.127;74.975.375;75.399.787;14.781.409;-0.22584567;10.341.892;0.59564255;0.072931408;liquid
29.248.003;0.0022439761;55.413.973;0.018045990;14.611.866;14.612.271;51.687.390;74.934.493;75.391.135;14.801.060;-0.22539789;10.182.869;0.59676250;0.072837423;liquid
29.310.325;0.0023325527;55.406.971;0.018048271;15.081.697;15.082.118;53.292.051;74.893.219;75.382.970;14.820.386;-0.22495350;10.027.748;0.59787131;0.072743216;liquid
29.372.648;0.0024241741;55.399.741;0.018050626;15.551.479;15.551.916;54.893.135;74.851.561;75.375.271;14.839.393;-0.22451241;98.763.997;0.59896914;0.072648787;liquid
29.434.971;0.0025189286;55.392.286;0.018053055;16.021.213;16.021.668;56.490.666;74.809.523;75.368.023;14.858.082;-0.22407454;97.286.989;0.60005618;0.072554136;liquid
29.497.293;0.0026169061;55.384.610;0.018055557;16.490.904;16.491.377;58.084.669;74.767.111;75.361.207;14.876.458;-0.22363981;95.845.261;0.60113258;0.072459265;liquid
29.559.616;0.0027181987;55.376.714;0.018058132;16.960.554;16.961.045;59.675.169;74.724.332;75.354.810;14.894.523;-0.22320813;94.437.669;0.60219852;0.072364173;liquid
29.621.939;0.0028229005;55.368.603;0.018060777;17.430.165;17.430.675;61.262.188;74.681.190;75.348.814;14.912.280;-0.22277944;93.063.114;0.60325415;0.072268860;liquid
29.684.261;0.0029311075;55.360.278;0.018063493;17.899.740;17.900.269;62.845.749;74.637.690;75.343.205;14.929.733;-0.22235366;91.720.542;0.60429961;0.072173326;liquid
29.746.584;0.0030429181;55.351.743;0.018066279;18.369.281;18.369.830;64.425.875;74.593.839;75.337.970;14.946.884;-0.22193071;90.408.943;0.60533505;0.072077573;liquid
29.808.907;0.0031584327;55.342.999;0.018069133;18.838.790;18.839.361;66.002.588;74.549.640;75.333.095;14.963.737;-0.22151052;89.127.346;0.60636061;0.071981600;liquid
29.871.229;0.0032777543;55.334.049;0.018072055;19.308.270;19.308.862;67.575.909;74.505.100;75.328.566;14.980.294;-0.22109302;87.874.819;0.60737643;0.071885408;liquid
29.933.552;0.0034009873;55.324.896;0.018075045;19.777.722;19.778.337;69.145.860;74.460.222;75.324.372;14.996.558;-0.22067815;86.650.466;0.60838263;0.071788997;liquid
29.995.875;0.0035282392;55.315.542;0.018078102;20.247.150;20.247.788;70.712.462;74.415.013;75.320.501;15.012.532;-0.22026584;85.453.427;0.60937934;0.071692366;liquid
30.058.197;0.0036596191;55.305.989;0.018081224;20.716.554;20.717.216;72.275.734;74.369.475;75.316.940;15.028.219;-0.21985603;84.282.875;0.61036668;0.071595518;liquid
30.120.520;0.0037952391;55.296.240;0.018084412;21.185.937;21.186.623;73.835.698;74.323.615;75.313.681;15.043.622;-0.21944864;83.138.014;0.61134477;0.071498451;liquid
30.182.843;0.0039352132;55.286.296;0.018087665;21.655.300;21.656.012;75.392.372;74.277.437;75.310.711;15.058.743;-0.21904363;82.018.079;0.61231372;0.071401166;liquid
30.245.165;0.0040796576;55.276.161;0.018090982;22.124.645;22.125.383;76.945.777;74.230.945;75.308.021;15.073.586;-0.21864093;80.922.334;0.61327364;0.071303664;liquid
30.307.488;0.0042286915;55.265.835;0.018094362;22.593.975;22.594.740;78.495.931;74.184.143;75.305.601;15.088.152;-0.21824048;79.850.070;0.61422463;0.071205944;liquid
30.369.811;0.0043824362;55.255.321;0.018097804;23.063.290;23.064.083;80.042.853;74.137.037;75.303.443;15.102.444;-0.21784223;78.800.605;0.61516680;0.071108008;liquid
30.432.133;0.0045410154;55.244.622;0.018101310;23.532.592;23.533.414;81.586.562;74.089.631;75.301.537;15.116.465;-0.21744612;77.773.282;0.61610025;0.071009854;liquid
30.494.456;0.0047045557;55.233.738;0.018104876;24.001.883;24.002.735;83.127.076;74.041.928;75.299.876;15.130.218;-0.21705209;76.767.467;0.61702506;0.070911485;liquid
30.556.779;0.0048731857;55.222.673;0.018108504;24.471.164;24.472.047;84.664.413;73.993.934;75.298.450;15.143.705;-0.21666009;75.782.551;0.61794133;0.070812899;liquid
30.619.101;0.0050470369;55.211.427;0.018112193;24.940.437;24.941.351;86.198.590;73.945.652;75.297.253;15.156.929;-0.21627007;74.817.945;0.61884916;0.070714098;liquid
30.681.424;0.0052262437;55.200.002;0.018115941;25.409.703;25.410.650;87.729.625;73.897.087;75.296.277;15.169.892;-0.21588197;73.873.082;0.61974862;0.070615081;liquid
30.743.747;0.0054109424;55.188.401;0.018119749;25.878.963;25.879.944;89.257.535;73.848.243;75.295.515;15.182.596;-0.21549575;72.947.415;0.62063980;0.070515849;liquid
30.806.069;0.0056012728;55.176.625;0.018123617;26.348.219;26.349.234;90.782.337;73.799.125;75.294.961;15.195.044;-0.21511136;72.040.417;0.62152279;0.070416402;liquid
30.868.392;0.0057973767;55.164.676;0.018127542;26.817.472;26.818.523;92.304.048;73.749.735;75.294.607;15.207.238;-0.21472874;71.151.577;0.62239765;0.070316741;liquid
30.930.715;0.0059993991;55.152.556;0.018131526;27.286.724;27.287.811;93.822.684;73.700.079;75.294.449;15.219.181;-0.21434785;70.280.405;0.62326446;0.070216865;liquid
30.993.037;0.0062074875;55.140.265;0.018135567;27.755.974;27.757.100;95.338.261;73.650.161;75.294.479;15.230.874;-0.21396865;69.426.425;0.62412331;0.070116775;liquid
31.055.360;0.0064217925;55.127.806;0.018139666;28.225.225;28.226.390;96.850.795;73.599.985;75.294.694;15.242.321;-0.21359108;68.589.180;0.62497425;0.070016472;liquid
31.117.683;0.0066424674;55.115.181;0.018143821;28.694.478;28.695.683;98.360.302;73.549.554;75.295.086;15.253.524;-0.21321510;67.768.225;0.62581736;0.069915956;liquid
31.180.005;0.0068696684;55.102.390;0.018148033;29.163.734;29.164.981;99.866.798;73.498.874;75.295.652;15.264.484;-0.21284066;66.963.132;0.62665270;0.069815227;liquid
31.242.328;0.0071035543;55.089.435;0.018152301;29.632.993;29.634.283;10.137.030;73.447.947;75.296.386;15.275.204;-0.21246773;66.173.489;0.62748034;0.069714285;liquid
31.304.651;0.0073442876;55.076.318;0.018156624;30.102.258;30.103.591;10.287.082;73.396.778;75.297.285;15.285.687;-0.21209626;65.398.895;0.62830035;0.069613131;liquid
31.366.973;0.0075920328;55.063.041;0.018161002;30.571.528;30.572.907;10.436.837;73.345.372;75.298.342;15.295.933;-0.21172620;64.638.962;0.62911277;0.069511764;liquid
31.429.296;0.0078469581;55.049.604;0.018165435;31.040.805;31.042.230;10.586.297;73.293.731;75.299.556;15.305.946;-0.21135752;63.893.317;0.62991768;0.069410186;liquid
31.491.619;0.0081092345;55.036.009;0.018169922;31.510.090;31.511.563;10.735.464;73.241.860;75.300.921;15.315.727;-0.21099017;63.161.597;0.63071512;0.069308397;liquid
31.553.941;0.0083790363;55.022.257;0.018174464;31.979.383;31.980.906;10.884.339;73.189.764;75.302.434;15.325.279;-0.21062412;62.443.452;0.63150516;0.069206397;liquid
31.616.264;0.0086565405;55.008.349;0.018179058;32.448.686;32.450.260;11.032.923;73.137.445;75.304.092;15.334.604;-0.21025932;61.738.542;0.63228785;0.069104185;liquid
31.678.587;0.0089419276;54.994.288;0.018183707;32.918.000;32.919.626;11.181.217;73.084.909;75.305.890;15.343.703;-0.20989574;61.046.540;0.63306324;0.069001764;liquid
31.740.909;0.0092353811;54.980.074;0.018188408;33.387.325;33.389.005;11.329.224;73.032.158;75.307.827;15.352.579;-0.20953333;60.367.126;0.63383138;0.068899132;liquid
31.803.232;0.0095370878;54.965.708;0.018193161;33.856.662;33.858.397;11.476.944;72.979.198;75.309.899;15.361.233;-0.20917206;59.699.993;0.63459232;0.068796291;liquid
31.865.555;0.0098472375;54.951.192;0.018197967;34.326.012;34.327.804;11.624.379;72.926.031;75.312.103;15.369.668;-0.20881189;59.044.842;0.63534611;0.068693240;liquid
31.927.877;0.010166024;54.936.527;0.018202825;34.795.376;34.797.226;11.771.531;72.872.662;75.314.438;15.377.886;-0.20845279;58.401.384;0.63609280;0.068589979;liquid
31.990.200;0.010493643;54.921.713;0.018207735;35.264.754;35.266.665;11.918.400;72.819.094;75.316.899;15.385.888;-0.20809471;57.769.338;0.63683243;0.068486511;liquid
32.052.523;0.010830295;54.906.753;0.018212696;35.734.148;35.736.121;12.064.987;72.765.332;75.319.485;15.393.676;-0.20773762;57.148.431;0.63756505;0.068382833;liquid
32.114.845;0.011176183;54.891.647;0.018217708;36.203.558;36.205.594;12.211.296;72.711.380;75.322.194;15.401.252;-0.20738150;56.538.401;0.63829070;0.068278948;liquid
32.177.168;0.011531514;54.876.396;0.018222771;36.672.985;36.675.087;12.357.326;72.657.241;75.325.024;15.408.619;-0.20702629;55.938.992;0.63900942;0.068174854;liquid
32.239.491;0.011896497;54.861.002;0.018227884;37.142.430;37.144.598;12.503.078;72.602.918;75.327.973;15.415.777;-0.20667196;55.349.955;0.63972126;0.068070553;liquid
32.301.813;0.012271348;54.845.466;0.018233048;37.611.893;37.614.130;12.648.555;72.548.417;75.331.040;15.422.728;-0.20631850;54.771.049;0.64042625;0.067966045;liquid
32.364.136;0.012656281;54.829.787;0.018238261;38.081.375;38.083.683;12.793.758;72.493.741;75.334.221;15.429.475;-0.20596585;54.202.040;0.64112443;0.067861330;liquid
32.426.459;0.013051519;54.813.969;0.018243525;38.550.876;38.553.257;12.938.687;72.438.894;75.337.517;15.436.019;-0.20561398;53.642.703;0.64181585;0.067756408;liquid
32.488.781;0.013457285;54.798.011;0.018248838;39.020.398;39.022.854;13.083.344;72.383.879;75.340.926;15.442.362;-0.20526287;53.092.816;0.64250053;0.067651281;liquid
32.551.104;0.013873807;54.781.914;0.018254200;39.489.942;39.492.474;13.227.731;72.328.700;75.344.446;15.448.506;-0.20491248;52.552.165;0.64317852;0.067545947;liquid
32.613.427;0.014301316;54.765.680;0.018259611;39.959.507;39.962.118;13.371.848;72.273.361;75.348.077;15.454.451;-0.20456278;52.020.543;0.64384985;0.067440408;liquid
32.675.749;0.014740048;54.749.310;0.018265070;40.429.094;40.431.787;13.515.697;72.217.866;75.351.817;15.460.201;-0.20421373;51.497.748;0.64451456;0.067334663;liquid
32.738.072;0.015190241;54.732.804;0.018270579;40.898.705;40.901.480;13.659.278;72.162.218;75.355.665;15.465.755;-0.20386531;50.983.584;0.64517267;0.067228714;liquid
32.800.395;0.015652137;54.716.163;0.018276135;41.368.339;41.371.200;13.802.594;72.106.422;75.359.620;15.471.117;-0.20351749;50.477.859;0.64582423;0.067122560;liquid
32.862.717;0.016125983;54.699.388;0.018281740;41.837.998;41.840.947;13.945.646;72.050.481;75.363.683;15.476.288;-0.20317023;49.980.389;0.64646927;0.067016202;liquid
32.925.040;0.016612029;54.682.480;0.018287393;42.307.682;42.310.720;14.088.434;71.994.398;75.367.851;15.481.269;-0.20282350;49.490.993;0.64710781;0.066909640;liquid
32.987.363;0.017110528;54.665.441;0.018293093;42.777.392;42.780.522;14.230.960;71.938.178;75.372.125;15.486.062;-0.20247728;49.009.497;0.64773989;0.066802875;liquid
33.049.685;0.017621739;54.648.270;0.018298841;43.247.128;43.250.353;14.373.224;71.881.823;75.376.504;15.490.668;-0.20213153;48.535.730;0.64836554;0.066695906;liquid
33.112.008;0.018145922;54.630.968;0.018304636;43.716.892;43.720.213;14.515.229;71.825.338;75.380.987;15.495.089;-0.20178623;48.069.525;0.64898478;0.066588735;liquid
33.174.331;0.018683343;54.613.537;0.018310479;44.186.683;44.190.104;14.656.976;71.768.727;75.385.575;15.499.326;-0.20144135;47.610.723;0.64959766;0.066481361;liquid
33.236.653;0.019234271;54.595.978;0.018316368;44.656.502;44.660.025;14.798.464;71.711.992;75.390.267;15.503.382;-0.20109685;47.159.165;0.65020419;0.066373784;liquid
33.298.976;0.019798980;54.578.290;0.018322304;45.126.350;45.129.977;14.939.697;71.655.137;75.395.062;15.507.256;-0.20075272;46.714.700;0.65080441;0.066266006;liquid
33.361.299;0.020377746;54.560.475;0.018328286;45.596.227;45.599.962;15.080.674;71.598.167;75.399.961;15.510.952;-0.20040891;46.277.179;0.65139834;0.066158027;liquid
33.423.621;0.020970852;54.542.533;0.018334315;46.066.135;46.069.980;15.221.397;71.541.083;75.404.963;15.514.470;-0.20006541;45.846.456;0.65198601;0.066049846;liquid
33.485.944;0.021578583;54.524.466;0.018340390;46.536.074;46.540.031;15.361.867;71.483.891;75.410.069;15.517.811;-0.19972219;45.422.391;0.65256744;0.065941464;liquid
33.548.267;0.022201227;54.506.274;0.018346512;47.006.044;47.010.117;15.502.086;71.426.593;75.415.279;15.520.977;-0.19937922;45.004.848;0.65314267;0.065832882;liquid
33.610.589;0.022839079;54.487.958;0.018352679;47.476.046;47.480.237;15.642.053;71.369.193;75.420.592;15.523.970;-0.19903647;44.593.691;0.65371172;0.065724100;liquid
33.672.912;0.023492436;54.469.518;0.018358892;47.946.080;47.950.393;15.781.771;71.311.694;75.426.009;15.526.790;-0.19869391;44.188.792;0.65427461;0.065615118;liquid
33.735.235;0.024161600;54.450.955;0.018365151;48.416.148;48.420.586;15.921.241;71.254.099;75.431.530;15.529.439;-0.19835153;43.790.023;0.65483137;0.065505936;liquid
33.797.557;0.024846877;54.432.270;0.018371455;48.886.250;48.890.815;16.060.463;71.196.413;75.437.156;15.531.919;-0.19800929;43.397.260;0.65538202;0.065396556;liquid
33.859.880;0.025548578;54.413.463;0.018377805;49.356.387;49.361.082;16.199.440;71.138.638;75.442.886;15.534.231;-0.19766717;43.010.384;0.65592659;0.065286976;liquid
33.922.203;0.026267016;54.394.536;0.018384200;49.826.559;49.831.387;16.338.170;71.080.778;75.448.721;15.536.375;-0.19732514;42.629.276;0.65646510;0.065177199;liquid
33.984.525;0.027002511;54.375.488;0.018390640;50.296.766;50.301.732;16.476.657;71.022.835;75.454.661;15.538.354;-0.19698317;42.253.823;0.65699757;0.065067223;liquid
34.046.848;0.027755386;54.356.321;0.018397125;50.767.010;50.772.116;16.614.901;70.964.814;75.460.708;15.540.168;-0.19664125;41.883.912;0.65752404;0.064957049;liquid
34.109.171;0.028525968;54.337.034;0.018403654;51.237.291;51.242.541;16.752.903;70.906.718;75.466.860;15.541.819;-0.19629935;41.519.435;0.65804451;0.064846678;liquid
34.171.493;0.029314588;54.317.630;0.018410229;51.707.610;51.713.006;16.890.664;70.848.549;75.473.120;15.543.307;-0.19595743;41.160.286;0.65855901;0.064736111;liquid
34.233.816;0.030121584;54.298.107;0.018416848;52.177.967;52.183.514;17.028.185;70.790.311;75.479.487;15.544.635;-0.19561549;40.806.361;0.65906757;0.064625346;liquid
34.296.139;0.030947296;54.278.468;0.018423512;52.648.363;52.654.064;17.165.468;70.732.007;75.485.961;15.545.804;-0.19527348;40.457.560;0.65957021;0.064514385;liquid
34.358.461;0.031792068;54.258.712;0.018430220;53.118.799;53.124.658;17.302.513;70.673.640;75.492.545;15.546.813;-0.19493140;40.113.782;0.66006694;0.064403228;liquid
34.420.784;0.032656251;54.238.840;0.018436973;53.589.275;53.595.295;17.439.321;70.615.213;75.499.238;15.547.666;-0.19458921;39.774.934;0.66055779;0.064291876;liquid
34.483.107;0.033540197;54.218.852;0.018443769;54.059.792;54.065.978;17.575.893;70.556.730;75.506.040;15.548.362;-0.19424690;39.440.920;0.66104279;0.064180329;liquid
34.545.429;0.034444267;54.198.750;0.018450610;54.530.350;54.536.705;17.712.232;70.498.193;75.512.954;15.548.903;-0.19390443;39.111.648;0.66152194;0.064068586;liquid
34.607.752;0.035368822;54.178.533;0.018457495;55.000.951;55.007.479;17.848.336;70.439.606;75.519.979;15.549.290;-0.19356178;38.787.031;0.66199527;0.063956649;liquid
34.670.075;0.036314230;54.158.203;0.018464424;55.471.595;55.478.300;17.984.208;70.380.970;75.527.116;15.549.525;-0.19321894;38.466.979;0.66246281;0.063844518;liquid
34.732.397;0.037280863;54.137.759;0.018471396;55.942.283;55.949.169;18.119.849;70.322.290;75.534.366;15.549.607;-0.19287587;38.151.409;0.66292457;0.063732193;liquid
34.794.720;0.038269099;54.117.202;0.018478413;56.413.014;56.420.086;18.255.260;70.263.569;75.541.730;15.549.539;-0.19253256;37.840.236;0.66338057;0.063619675;liquid
34.857.043;0.039279319;54.096.534;0.018485473;56.883.791;56.891.052;18.390.441;70.204.808;75.549.208;15.549.321;-0.19218898;37.533.380;0.66383083;0.063506964;liquid
34.919.365;0.040311908;54.075.753;0.018492577;57.354.614;57.362.068;18.525.393;70.146.011;75.556.802;15.548.955;-0.19184512;37.230.760;0.66427538;0.063394059;liquid
34.981.688;0.041367258;54.054.861;0.018499724;57.825.483;57.833.135;18.660.118;70.087.181;75.564.512;15.548.441;-0.19150094;36.932.300;0.66471422;0.063280963;liquid
35.044.011;0.042445764;54.033.858;0.018506915;58.296.398;58.304.254;18.794.617;70.028.321;75.572.340;15.547.781;-0.19115642;36.637.924;0.66514738;0.063167675;liquid
35.106.333;0.043547826;54.012.745;0.018514149;58.767.362;58.775.425;18.928.891;69.969.433;75.580.286;15.546.975;-0.19081155;36.347.556;0.66557488;0.063054195;liquid
35.168.656;0.044673849;53.991.522;0.018521426;59.238.374;59.246.648;19.062.940;69.910.520;75.588.351;15.546.024;-0.19046630;36.061.126;0.66599673;0.062940523;liquid
35.230.979;0.045824243;53.970.190;0.018528747;59.709.435;59.717.926;19.196.766;69.851.585;75.596.536;15.544.930;-0.19012065;35.778.562;0.66641296;0.062826661;liquid
35.293.301;0.046999423;53.948.749;0.018536111;60.180.547;60.189.258;19.330.370;69.792.630;75.604.842;15.543.693;-0.18977458;35.499.794;0.66682359;0.062712609;liquid
35.355.624;0.048199807;53.927.199;0.018543518;60.651.708;60.660.646;19.463.752;69.733.658;75.613.270;15.542.315;-0.18942806;35.224.757;0.66722863;0.062598366;liquid
35.417.947;0.049425821;53.905.541;0.018550969;61.122.921;61.132.090;19.596.914;69.674.672;75.621.821;15.540.795;-0.18908109;34.953.382;0.66762809;0.062483934;liquid
35.480.269;0.050677892;53.883.775;0.018558462;61.594.187;61.603.592;19.729.856;69.615.674;75.630.496;15.539.136;-0.18873362;34.685.606;0.66802201;0.062369312;liquid
35.542.592;0.051956456;53.861.902;0.018565999;62.065.504;62.075.151;19.862.580;69.556.667;75.639.296;15.537.338;-0.18838565;34.421.365;0.66841038;0.062254501;liquid
35.604.915;0.053261950;53.839.923;0.018573578;62.536.876;62.546.769;19.995.087;69.497.653;75.648.222;15.535.403;-0.18803715;34.160.597;0.66879325;0.062139501;liquid
35.667.237;0.054594819;53.817.836;0.018581200;63.008.302;63.018.446;20.127.377;69.438.635;75.657.276;15.533.330;-0.18768810;33.903.243;0.66917061;0.062024314;liquid
35.729.560;0.055955512;53.795.644;0.018588866;63.479.782;63.490.184;20.259.451;69.379.615;75.666.457;15.531.120;-0.18733848;33.649.242;0.66954249;0.061908938;liquid
35.791.883;0.057344481;53.773.346;0.018596574;63.951.319;63.961.983;20.391.311;69.320.596;75.675.768;15.528.776;-0.18698827;33.398.536;0.66990891;0.061793375;liquid
35.854.205;0.058762186;53.750.943;0.018604325;64.422.912;64.433.845;20.522.958;69.261.579;75.685.209;15.526.297;-0.18663744;33.151.070;0.67026988;0.061677625;liquid
35.916.528;0.060209090;53.728.435;0.018612119;64.894.563;64.905.769;20.654.392;69.202.568;75.694.781;15.523.684;-0.18628599;32.906.788;0.67062542;0.061561688;liquid
35.978.851;0.061685663;53.705.822;0.018619955;65.366.271;65.377.757;20.785.614;69.143.565;75.704.485;15.520.938;-0.18593389;32.665.635;0.67097554;0.061445564;liquid
36.041.173;0.063192377;53.683.105;0.018627834;65.838.039;65.849.810;20.916.625;69.084.572;75.714.323;15.518.061;-0.18558111;32.427.558;0.67132027;0.061329255;liquid
36.103.496;0.064729711;53.660.285;0.018635757;66.309.866;66.321.929;21.047.427;69.025.591;75.724.296;15.515.052;-0.18522764;32.192.505;0.67165962;0.061212760;liquid
36.165.819;0.066298150;53.637.361;0.018643721;66.781.754;66.794.114;21.178.020;68.966.624;75.734.404;15.511.913;-0.18487346;31.960.426;0.67199360;0.061096080;liquid
36.228.141;0.067898182;53.614.333;0.018651729;67.253.703;67.266.367;21.308.405;68.907.674;75.744.650;15.508.644;-0.18451854;31.731.271;0.67232224;0.060979215;liquid
36.290.464;0.069530301;53.591.203;0.018659779;67.725.714;67.738.688;21.438.583;68.848.742;75.755.033;15.505.246;-0.18416288;31.504.990;0.67264555;0.060862165;liquid
36.352.787;0.071195007;53.567.970;0.018667872;68.197.788;68.211.078;21.568.555;68.789.832;75.765.555;15.501.720;-0.18380644;31.281.535;0.67296354;0.060744931;liquid
36.415.109;0.072892803;53.544.636;0.018676007;68.669.925;68.683.539;21.698.322;68.730.945;75.776.217;15.498.067;-0.18344920;31.060.861;0.67327624;0.060627514;liquid
36.477.432;0.074624200;53.521.199;0.018684185;69.142.127;69.156.070;21.827.885;68.672.082;75.787.021;15.494.288;-0.18309116;30.842.922;0.67358365;0.060509914;liquid
36.539.755;0.076389711;53.497.661;0.018692406;69.614.395;69.628.674;21.957.245;68.613.247;75.797.967;15.490.382;-0.18273229;30.627.671;0.67388580;0.060392130;liquid
36.602.077;0.078189858;53.474.021;0.018700670;70.086.729;70.101.351;22.086.402;68.554.441;75.809.056;15.486.352;-0.18237256;30.415.066;0.67418270;0.060274164;liquid
36.664.400;0.080025164;53.450.281;0.018708976;70.559.130;70.574.101;22.215.358;68.495.666;75.820.291;15.482.197;-0.18201196;30.205.064;0.67447437;0.060156016;liquid
36.726.723;0.081896159;53.426.440;0.018717324;71.031.598;71.046.927;22.344.113;68.436.924;75.831.671;15.477.919;-0.18165047;29.997.621;0.67476082;0.060037687;liquid
36.789.045;0.083803381;53.402.498;0.018725716;71.504.136;71.519.829;22.472.669;68.378.218;75.843.198;15.473.517;-0.18128808;29.792.697;0.67504206;0.059919176;liquid
36.851.368;0.085747368;53.378.457;0.018734150;71.976.743;71.992.807;22.601.027;68.319.548;75.854.873;15.468.994;-0.18092475;29.590.252;0.67531812;0.059800484;liquid
36.913.691;0.087728668;53.354.316;0.018742626;72.449.421;72.465.863;22.729.186;68.260.916;75.866.697;15.464.348;-0.18056048;29.390.244;0.67558901;0.059681611;liquid
36.976.013;0.089747831;53.330.075;0.018751146;72.922.170;72.938.998;22.857.149;68.202.326;75.878.672;15.459.582;-0.18019524;29.192.636;0.67585475;0.059562559;liquid
37.038.336;0.091805414;53.305.735;0.018759708;73.394.991;73.412.213;22.984.916;68.143.777;75.890.798;15.454.696;-0.17982901;28.997.390;0.67611534;0.059443326;liquid
37.100.659;0.093901979;53.281.296;0.018768312;73.867.885;73.885.509;23.112.488;68.085.273;75.903.077;15.449.690;-0.17946177;28.804.467;0.67637081;0.059323915;liquid
37.162.981;0.096038093;53.256.758;0.018776960;74.340.853;74.358.887;23.239.866;68.026.815;75.915.510;15.444.565;-0.17909351;28.613.831;0.67662117;0.059204324;liquid
37.225.304;0.098214329;53.232.121;0.018785650;74.813.897;74.832.347;23.367.050;67.968.404;75.928.099;15.439.322;-0.17872421;28.425.447;0.67686643;0.059084555;liquid
37.287.627;0.10043126;53.207.386;0.018794383;75.287.016;75.305.891;23.494.042;67.910.043;75.940.843;15.433.961;-0.17835384;28.239.278;0.67710662;0.058964608;liquid
37.349.949;0.10268948;53.182.554;0.018803159;75.760.212;75.779.521;23.620.843;67.851.732;75.953.744;15.428.483;-0.17798239;28.055.291;0.67734174;0.058844483;liquid
37.412.272;0.10498957;53.157.623;0.018811977;76.233.485;76.253.236;23.747.453;67.793.475;75.966.805;15.422.889;-0.17760984;27.873.451;0.67757182;0.058724181;liquid
37.474.595;0.10733212;53.132.595;0.018820839;76.706.837;76.727.038;23.873.874;67.735.271;75.980.025;15.417.179;-0.17723616;27.693.725;0.67779686;0.058603702;liquid
37.536.917;0.10971774;53.107.469;0.018829743;77.180.269;77.200.928;24.000.105;67.677.123;75.993.405;15.411.353;-0.17686135;27.516.081;0.67801688;0.058483046;liquid
37.599.240;0.11214703;53.082.247;0.018838690;77.653.781;77.674.908;24.126.149;67.619.032;76.006.948;15.405.414;-0.17648538;27.340.486;0.67823190;0.058362214;liquid
37.661.563;0.11462060;53.056.927;0.018847680;78.127.374;78.148.978;24.252.006;67.561.001;76.020.654;15.399.360;-0.17610823;27.166.909;0.67844193;0.058241207;liquid
37.723.885;0.11713906;53.031.511;0.018856713;78.601.050;78.623.139;24.377.676;67.503.029;76.034.525;15.393.192;-0.17572989;26.995.320;0.67864699;0.058120024;liquid
37.786.208;0.11970304;53.005.998;0.018865789;79.074.809;79.097.392;24.503.161;67.445.119;76.048.561;15.386.912;-0.17535033;26.825.687;0.67884708;0.057998667;liquid
37.848.531;0.12231316;52.980.389;0.018874909;79.548.652;79.571.739;24.628.462;67.387.273;76.062.763;15.380.519;-0.17496953;26.657.982;0.67904223;0.057877135;liquid
37.910.853;0.12497005;52.954.684;0.018884071;80.022.581;80.046.180;24.753.579;67.329.491;76.077.134;15.374.014;-0.17458748;26.492.175;0.67923245;0.057755429;liquid
37.973.176;0.12767435;52.928.882;0.018893276;80.496.595;80.520.717;24.878.514;67.271.776;76.091.674;15.367.399;-0.17420416;26.328.237;0.67941776;0.057633550;liquid
38.035.499;0.13042671;52.902.985;0.018902525;80.970.697;80.995.351;25.003.266;67.214.127;76.106.384;15.360.672;-0.17381955;26.166.141;0.67959816;0.057511497;liquid
38.097.821;0.13322778;52.876.993;0.018911817;81.444.887;81.470.083;25.127.838;67.156.548;76.121.265;15.353.836;-0.17343362;26.005.859;0.67977367;0.057389272;liquid
38.160.144;0.13607819;52.850.905;0.018921152;81.919.166;81.944.913;25.252.229;67.099.038;76.136.319;15.346.889;-0.17304637;25.847.365;0.67994431;0.057266874;liquid
38.222.467;0.13897863;52.824.721;0.018930530;82.393.535;82.419.844;25.376.441;67.041.600;76.151.547;15.339.834;-0.17265777;25.690.630;0.68011010;0.057144304;liquid
38.284.789;0.14192974;52.798.443;0.018939952;82.867.995;82.894.877;25.500.475;66.984.235;76.166.950;15.332.670;-0.17226780;25.535.631;0.68027104;0.057021563;liquid
38.347.112;0.14493220;52.772.070;0.018949418;83.342.548;83.370.011;25.624.331;66.926.943;76.182.529;15.325.398;-0.17187644;25.382.340;0.68042714;0.056898651;liquid
38.409.435;0.14798669;52.745.602;0.018958927;83.817.193;83.845.250;25.748.010;66.869.726;76.198.285;15.318.018;-0.17148368;25.230.733;0.68057844;0.056775568;liquid
38.471.757;0.15109389;52.719.039;0.018968479;84.291.933;84.320.593;25.871.513;66.812.586;76.214.220;15.310.531;-0.17108949;25.080.785;0.68072493;0.056652315;liquid
38.534.080;0.15425447;52.692.382;0.018978075;84.766.768;84.796.042;25.994.841;66.755.523;76.230.335;15.302.938;-0.17069386;24.932.472;0.68086663;0.056528893;liquid
38.596.403;0.15746915;52.665.631;0.018987715;85.241.699;85.271.598;26.117.995;66.698.539;76.246.631;15.295.238;-0.17029677;24.785.770;0.68100355;0.056405301;liquid
38.658.725;0.16073861;52.638.785;0.018997399;85.716.727;85.747.263;26.240.976;66.641.635;76.263.109;15.287.433;-0.16989819;24.640.656;0.68113572;0.056281540;liquid
38.721.048;0.16406355;52.611.845;0.019007126;86.191.854;86.223.037;26.363.784;66.584.811;76.279.770;15.279.523;-0.16949811;24.497.107;0.68126314;0.056157610;liquid
38.783.371;0.16744470;52.584.812;0.019016898;86.667.079;86.698.922;26.486.420;66.528.070;76.296.616;15.271.507;-0.16909651;24.355.100;0.68138582;0.056033513;liquid
38.845.693;0.17088275;52.557.685;0.019026713;87.142.406;87.174.919;26.608.885;66.471.411;76.313.647;15.263.388;-0.16869337;24.214.614;0.68150379;0.055909248;liquid
38.908.016;0.17437843;52.530.463;0.019036573;87.617.834;87.651.029;26.731.180;66.414.836;76.330.866;15.255.164;-0.16828867;24.075.626;0.68161705;0.055784815;liquid
38.970.339;0.17793247;52.503.149;0.019046477;88.093.364;88.127.254;26.853.306;66.358.347;76.348.273;15.246.838;-0.16788239;23.938.115;0.68172562;0.055660216;liquid
39.032.661;0.18154559;52.475.741;0.019056425;88.568.998;88.603.594;26.975.263;66.301.943;76.365.869;15.238.408;-0.16747452;23.802.060;0.68182951;0.055535451;liquid
39.094.984;0.18521854;52.448.239;0.019066417;89.044.736;89.080.051;27.097.053;66.245.627;76.383.656;15.229.876;-0.16706502;23.667.440;0.68192874;0.055410520;liquid
39.157.307;0.18895206;52.420.645;0.019076454;89.520.581;89.556.626;27.218.676;66.189.398;76.401.634;15.221.241;-0.16665389;23.534.236;0.68202331;0.055285423;liquid
39.219.629;0.19274688;52.392.957;0.019086535;89.996.532;90.033.321;27.340.133;66.133.258;76.419.806;15.212.505;-0.16624110;23.402.427;0.68211324;0.055160162;liquid
39.281.952;0.19660378;52.365.176;0.019096661;90.472.591;90.510.136;27.461.424;66.077.209;76.438.172;15.203.668;-0.16582663;23.271.994;0.68219855;0.055034736;liquid
39.344.275;0.20052350;52.337.303;0.019106831;90.948.759;90.987.073;27.582.551;66.021.249;76.456.733;15.194.730;-0.16541047;23.142.918;0.68227925;0.054909146;liquid
39.406.597;0.20450681;52.309.336;0.019117046;91.425.037;91.464.133;27.703.515;65.965.382;76.475.491;15.185.691;-0.16499259;23.015.178;0.68235535;0.054783392;liquid
39.468.920;0.20855448;52.281.277;0.019127306;91.901.427;91.941.318;27.824.316;65.909.607;76.494.447;15.176.552;-0.16457297;22.888.758;0.68242686;0.054657476;liquid
39.531.243;0.21266728;52.253.125;0.019137611;92.377.929;92.418.628;27.944.954;65.853.925;76.513.602;15.167.314;-0.16415159;22.763.639;0.68249380;0.054531396;liquid
39.593.565;0.21684600;52.224.880;0.019147962;92.854.544;92.896.066;28.065.432;65.798.337;76.532.958;15.157.976;-0.16372844;22.639.802;0.68255618;0.054405154;liquid
39.655.888;0.22109143;52.196.543;0.019158357;93.331.275;93.373.632;28.185.749;65.742.844;76.552.515;15.148.540;-0.16330350;22.517.230;0.68261402;0.054278751;liquid
39.718.211;0.22540435;52.168.113;0.019168797;93.808.120;93.851.328;28.305.906;65.687.447;76.572.276;15.139.005;-0.16287673;22.395.907;0.68266732;0.054152186;liquid
39.780.533;0.22978557;52.139.591;0.019179283;94.285.083;94.329.154;28.425.905;65.632.146;76.592.240;15.129.371;-0.16244813;22.275.813;0.68271610;0.054025460;liquid
39.842.856;0.23423588;52.110.977;0.019189815;94.762.164;94.807.113;28.545.745;65.576.943;76.612.410;15.119.640;-0.16201767;22.156.934;0.68276037;0.053898574;liquid
39.905.179;0.23875610;52.082.270;0.019200392;95.239.364;95.285.206;28.665.428;65.521.837;76.632.787;15.109.812;-0.16158534;22.039.252;0.68280014;0.053771528;liquid
39.967.501;0.24334704;52.053.472;0.019211015;95.716.685;95.763.434;28.784.955;65.466.830;76.653.372;15.099.887;-0.16115110;21.922.750;0.68283544;0.053644322;liquid
40.029.824;0.24800952;52.024.581;0.019221683;96.194.127;96.241.798;28.904.326;65.411.922;76.674.166;15.089.865;-0.16071495;21.807.414;0.68286626;0.053516957;liquid
40.092.147;0.25274437;51.995.597;0.019232398;96.671.691;96.720.300;29.023.542;65.357.115;76.695.170;15.079.746;-0.16027685;21.693.228;0.68289262;0.053389434;liquid
40.154.469;0.25755242;51.966.522;0.019243158;97.149.380;97.198.941;29.142.604;65.302.408;76.716.387;15.069.532;-0.15983679;21.580.175;0.68291454;0.053261752;liquid
40.216.792;0.26243450;51.937.355;0.019253965;97.627.194;97.677.723;29.261.513;65.247.802;76.737.817;15.059.222;-0.15939475;21.468.241;0.68293203;0.053133913;liquid
40.279.115;0.26739147;51.908.095;0.019264818;98.105.134;98.156.646;29.380.269;65.193.298;76.759.461;15.048.817;-0.15895071;21.357.411;0.68294509;0.053005917;liquid
40.341.437;0.27242416;51.878.744;0.019275717;98.583.201;98.635.713;29.498.873;65.138.897;76.781.321;15.038.317;-0.15850465;21.247.670;0.68295375;0.052877764;liquid
40.403.760;0.27753343;51.849.301;0.019286663;99.061.397;99.114.924;29.617.327;65.084.599;76.803.398;15.027.722;-0.15805653;21.139.003;0.68295801;0.052749455;liquid
40.466.083;0.28272014;51.819.766;0.019297656;99.539.723;99.594.282;29.735.629;65.030.404;76.825.694;15.017.033;-0.15760635;21.031.397;0.68295789;0.052620990;liquid
40.528.405;0.28798515;51.790.138;0.019308695;10.001.818;10.007.379;29.853.783;64.976.314;76.848.209;15.006.250;-0.15715409;20.924.837;0.68295340;0.052492370;liquid
40.590.728;0.29332934;51.760.419;0.019319782;10.049.677;10.055.344;29.971.787;64.922.329;76.870.945;14.995.373;-0.15669971;20.819.310;0.68294454;0.052363595;liquid
40.653.051;0.29875358;51.730.609;0.019330915;10.097.549;10.103.324;30.089.644;64.868.449;76.893.904;14.984.403;-0.15624320;20.714.802;0.68293134;0.052234666;liquid
40.715.373;0.30425876;51.700.706;0.019342096;10.145.435;10.151.320;30.207.354;64.814.675;76.917.087;14.973.340;-0.15578453;20.611.299;0.68291380;0.052105583;liquid
40.777.696;0.30984575;51.670.711;0.019353324;10.193.334;10.199.331;30.324.917;64.761.007;76.940.495;14.962.184;-0.15532369;20.508.789;0.68289194;0.051976346;liquid
40.840.019;0.31551546;51.640.625;0.019364599;10.241.248;10.247.357;30.442.334;64.707.447;76.964.129;14.950.935;-0.15486065;20.407.258;0.68286577;0.051846957;liquid
40.902.341;0.32126877;51.610.446;0.019375922;10.289.174;10.295.399;30.559.606;64.653.993;76.987.991;14.939.595;-0.15439539;20.306.694;0.68283530;0.051717415;liquid
40.964.664;0.32710660;51.580.176;0.019387293;10.337.115;10.343.457;30.676.734;64.600.648;77.012.083;14.928.162;-0.15392789;20.207.084;0.68280053;0.051587722;liquid
41.026.987;0.33302986;51.549.814;0.019398712;10.385.070;10.391.531;30.793.719;64.547.411;77.036.405;14.916.639;-0.15345812;20.108.417;0.68276149;0.051457877;liquid
41.089.309;0.33903946;51.519.360;0.019410179;10.433.040;10.439.621;30.910.561;64.494.283;77.060.960;14.905.023;-0.15298606;20.010.679;0.68271819;0.051327881;liquid
41.151.632;0.34513631;51.488.814;0.019421694;10.481.023;10.487.726;31.027.261;64.441.264;77.085.748;14.893.317;-0.15251169;19.913.859;0.68267063;0.051197735;liquid
41.213.955;0.35132135;51.458.176;0.019433258;10.529.021;10.535.849;31.143.819;64.388.354;77.110.771;14.881.520;-0.15203499;19.817.945;0.68261883;0.051067438;liquid
41.276.277;0.35759551;51.427.446;0.019444870;10.577.034;10.583.988;31.260.238;64.335.555;77.136.030;14.869.633;-0.15155593;19.722.926;0.68256280;0.050936993;liquid
41.338.600;0.36395973;51.396.624;0.019456531;10.625.062;10.632.143;31.376.516;64.282.866;77.161.527;14.857.656;-0.15107449;19.628.789;0.68250255;0.050806398;liquid
41.400.923;0.37041494;51.365.710;0.019468241;10.673.104;10.680.315;31.492.656;64.230.287;77.187.264;14.845.588;-0.15059064;19.535.525;0.68243808;0.050675655;liquid
41.463.245;0.37696209;51.334.704;0.019479999;10.721.161;10.728.505;31.608.657;64.177.820;77.213.241;14.833.431;-0.15010436;19.443.121;0.68236943;0.050544764;liquid
41.525.568;0.38360215;51.303.606;0.019491807;10.769.234;10.776.711;31.724.521;64.125.465;77.239.461;14.821.185;-0.14961564;19.351.567;0.68229658;0.050413726;liquid
41.587.891;0.39033606;51.272.416;0.019503665;10.817.322;10.824.935;31.840.248;64.073.221;77.265.924;14.808.850;-0.14912443;19.260.853;0.68221956;0.050282541;liquid
41.650.213;0.39716479;51.241.133;0.019515571;10.865.425;10.873.176;31.955.838;64.021.090;77.292.633;14.796.425;-0.14863073;19.170.967;0.68213838;0.050151209;liquid
41.712.536;0.40408932;51.209.759;0.019527528;10.913.543;10.921.434;32.071.294;63.969.071;77.319.588;14.783.913;-0.14813450;19.081.899;0.68205304;0.050019732;liquid
41.774.859;0.41111062;51.178.292;0.019539534;10.961.678;10.969.711;32.186.615;63.917.165;77.346.792;14.771.311;-0.14763572;18.993.639;0.68196356;0.049888109;liquid
41.837.181;0.41822966;51.146.733;0.019551591;11.009.828;11.018.005;32.301.802;63.865.373;77.374.245;14.758.622;-0.14713436;18.906.177;0.68186995;0.049756341;liquid
41.899.504;0.42544745;51.115.081;0.019563698;11.057.994;11.066.317;32.416.856;63.813.694;77.401.950;14.745.845;-0.14663041;18.819.503;0.68177221;0.049624429;liquid
41.961.827;0.43276496;51.083.337;0.019575855;11.106.176;11.114.648;32.531.778;63.762.128;77.429.908;14.732.980;-0.14612383;18.733.607;0.68167037;0.049492373;liquid
42.024.149;0.44018319;51.051.501;0.019588063;11.154.374;11.162.997;32.646.568;63.710.677;77.458.121;14.720.028;-0.14561460;18.648.479;0.68156443;0.049360174;liquid
42.086.472;0.44770316;51.019.571;0.019600321;11.202.589;11.211.364;32.761.227;63.659.340;77.486.589;14.706.989;-0.14510270;18.564.110;0.68145439;0.049227832;liquid
42.148.795;0.45532586;50.987.550;0.019612631;11.250.820;11.259.751;32.875.755;63.608.117;77.515.316;14.693.862;-0.14458809;18.480.491;0.68134028;0.049095348;liquid
42.211.117;0.46305232;50.955.435;0.019624992;11.299.068;11.308.156;32.990.154;63.557.010;77.544.302;14.680.649;-0.14407076;18.397.613;0.68122210;0.048962721;liquid
42.273.440;0.47088354;50.923.228;0.019637404;11.347.333;11.356.580;33.104.425;63.506.017;77.573.549;14.667.350;-0.14355067;18.315.465;0.68109986;0.048829954;liquid
42.335.763;0.47882057;50.890.927;0.019649868;11.395.614;11.405.023;33.218.567;63.455.140;77.603.058;14.653.964;-0.14302781;18.234.040;0.68097358;0.048697046;liquid
42.398.085;0.48686441;50.858.534;0.019662384;11.443.913;11.453.486;33.332.582;63.404.379;77.632.832;14.640.492;-0.14250214;18.153.328;0.68084325;0.048563998;liquid
42.460.408;0.49501612;50.826.048;0.019674951;11.492.229;11.501.968;33.446.470;63.353.733;77.662.872;14.626.935;-0.14197363;18.073.321;0.68070890;0.048430810;liquid
42.522.731;0.50327674;50.793.468;0.019687571;11.540.562;11.550.470;33.560.232;63.303.203;77.693.180;14.613.292;-0.14144227;17.994.010;0.68057053;0.048297483;liquid
42.585.053;0.51164730;50.760.795;0.019700243;11.588.912;11.598.992;33.673.869;63.252.789;77.723.757;14.599.563;-0.14090801;17.915.387;0.68042816;0.048164018;liquid
42.647.376;0.52012886;50.728.029;0.019712968;11.637.280;11.647.534;33.787.382;63.202.492;77.754.605;14.585.749;-0.14037085;17.837.443;0.68028178;0.048030415;liquid
42.709.699;0.52872248;50.695.169;0.019725745;11.685.666;11.696.096;33.900.770;63.152.311;77.785.726;14.571.850;-0.13983073;17.760.170;0.68013142;0.047896674;liquid
42.772.021;0.53742923;50.662.216;0.019738576;11.734.070;11.744.678;34.014.036;63.102.247;77.817.122;14.557.867;-0.13928765;17.683.561;0.67997708;0.047762796;liquid
42.834.344;0.54625016;50.629.169;0.019751460;11.782.492;11.793.281;34.127.179;63.052.300;77.848.795;14.543.799;-0.13874157;17.607.606;0.67981878;0.047628782;liquid
42.896.667;0.55518635;50.596.028;0.019764397;11.830.932;11.841.905;34.240.200;63.002.470;77.880.745;14.529.646;-0.13819247;17.532.299;0.67965651;0.047494632;liquid
42.958.989;0.56423889;50.562.793;0.019777388;11.879.390;11.890.549;34.353.101;62.952.758;77.912.976;14.515.409;-0.13764030;17.457.631;0.67949029;0.047360346;liquid
43.021.312;0.57340885;50.529.464;0.019790434;11.927.867;11.939.215;34.465.881;62.903.162;77.945.489;14.501.088;-0.13708505;17.383.595;0.67933440;0.047225926;liquid
43.083.635;0.58269733;50.496.041;0.019803533;11.976.363;11.987.902;34.578.541;62.853.685;77.978.285;14.486.684;-0.13652669;17.310.183;0.67926442;0.047091372;liquid
43.145.957;0.59210542;50.462.523;0.019816686;12.024.877;12.036.611;34.691.083;62.804.325;78.011.368;14.472.195;-0.13596518;17.237.389;0.67913622;0.046956684;liquid
43.208.280;0.60163422;50.428.912;0.019829895;12.073.410;12.085.341;34.803.506;62.755.082;78.044.737;14.457.624;-0.13540050;17.165.203;0.67899328;0.046821863;liquid
43.270.603;0.61128483;50.395.205;0.019843158;12.121.963;12.134.092;34.915.812;62.705.958;78.078.397;14.442.969;-0.13483262;17.093.620;0.67884091;0.046686909;liquid
43.332.925;0.62105837;50.361.404;0.019856476;12.170.534;12.182.866;35.028.001;62.656.952;78.112.347;14.428.230;-0.13426150;17.022.632;0.67868118;0.046551824;liquid
43.395.248;0.63095596;50.327.508;0.019869849;12.219.125;12.231.662;35.140.074;62.608.064;78.146.592;14.413.409;-0.13368711;16.952.233;0.67851514;0.046416607;liquid
43.457.571;0.64097871;50.293.516;0.019883279;12.267.736;12.280.480;35.252.031;62.559.294;78.181.131;14.398.505;-0.13310943;16.882.414;0.67834343;0.046281259;liquid
43.519.893;0.65112774;50.259.430;0.019896764;12.316.366;12.329.321;35.363.874;62.510.643;78.215.968;14.383.519;-0.13252843;16.813.170;0.67816646;0.046145781;liquid
43.582.216;0.66140421;50.225.248;0.019910305;12.365.016;12.378.185;35.475.602;62.462.111;78.251.104;14.368.450;-0.13194406;16.744.494;0.67798454;0.046010174;liquid
43.644.539;0.67180923;50.190.971;0.019923902;12.413.686;12.427.071;35.587.218;62.413.696;78.286.542;14.353.299;-0.13135631;16.676.378;0.67779785;0.045874437;liquid
43.706.861;0.68234395;50.156.598;0.019937556;12.462.376;12.475.981;35.698.720;62.365.401;78.322.283;14.338.066;-0.13076513;16.608.817;0.67760658;0.045738572;liquid
43.769.184;0.69300953;50.122.129;0.019951267;12.511.087;12.524.913;35.810.111;62.317.225;78.358.329;14.322.750;-0.13017050;16.541.805;0.67741084;0.045602579;liquid
43.831.507;0.70380711;50.087.564;0.019965035;12.559.818;12.573.870;35.921.390;62.269.167;78.394.684;14.307.353;-0.12957238;16.475.333;0.67721074;0.045466458;liquid
43.893.829;0.71473785;50.052.903;0.019978861;12.608.570;12.622.850;36.032.559;62.221.228;78.431.348;14.291.875;-0.12897075;16.409.397;0.67700637;0.045330211;liquid
43.956.152;0.72580292;50.018.146;0.019992744;12.657.342;12.671.853;36.143.618;62.173.409;78.468.324;14.276.315;-0.12836555;16.343.990;0.67679778;0.045193837;liquid
44.018.475;0.73700348;49.983.292;0.020006685;12.706.136;12.720.881;36.254.567;62.125.708;78.505.615;14.260.673;-0.12775678;16.279.106;0.67658505;0.045057338;liquid
44.080.797;0.74834071;49.948.341;0.020020685;12.754.951;12.769.933;36.365.408;62.078.127;78.543.221;14.244.951;-0.12714437;16.214.739;0.67636822;0.044920714;liquid
44.143.120;0.75981578;49.913.294;0.020034743;12.803.787;12.819.009;36.476.141;62.030.665;78.581.147;14.229.147;-0.12652832;16.150.883;0.67614734;0.044783965;liquid
44.205.443;0.77142989;49.878.149;0.020048859;12.852.644;12.868.110;36.586.767;61.983.322;78.619.393;14.213.262;-0.12590857;16.087.532;0.67592245;0.044647092;liquid
44.267.765;0.78318422;49.842.907;0.020063035;12.901.523;12.917.236;36.697.287;61.936.098;78.657.962;14.197.297;-0.12528510;16.024.681;0.67569358;0.044510097;liquid
44.330.088;0.79507996;49.807.567;0.020077270;12.950.424;12.966.387;36.807.700;61.888.994;78.696.857;14.181.251;-0.12465787;15.962.323;0.67546077;0.044372978;liquid
44.392.411;0.80711832;49.772.130;0.020091565;12.999.347;13.015.563;36.918.009;61.842.010;78.736.080;14.165.125;-0.12402684;15.900.453;0.67522405;0.044235738;liquid
44.454.733;0.81930050;49.736.595;0.020105920;13.048.292;13.064.764;37.028.213;61.795.145;78.775.633;14.148.918;-0.12339198;15.839.065;0.67498344;0.044098376;liquid
44.517.056;0.83162771;49.700.961;0.020120335;13.097.259;13.113.991;37.138.313;61.748.400;78.815.518;14.132.631;-0.12275325;15.778.154;0.67473897;0.043960893;liquid
44.579.379;0.84410117;49.665.229;0.020134811;13.146.248;13.163.244;37.248.310;61.701.774;78.855.738;14.116.264;-0.12211061;15.717.715;0.67449066;0.043823290;liquid
44.641.701;0.85672209;49.629.399;0.020149347;13.195.261;13.212.523;37.358.205;61.655.268;78.896.296;14.099.817;-0.12146404;15.657.741;0.67423853;0.043685568;liquid
44.704.024;0.86949171;49.593.470;0.020163945;13.244.296;13.261.828;37.467.998;61.608.881;78.937.194;14.083.290;-0.12081348;15.598.229;0.67398261;0.043547726;liquid
44.766.347;0.88241125;49.557.441;0.020178604;13.293.354;13.311.160;37.577.690;61.562.615;78.978.434;14.066.684;-0.12015890;15.539.171;0.67372290;0.043409766;liquid
44.828.669;0.89548195;49.521.314;0.020193325;13.342.435;13.360.518;37.687.282;61.516.468;79.020.020;14.049.998;-0.11950026;15.480.565;0.67345943;0.043271689;liquid
44.890.992;0.90870504;49.485.087;0.020208108;13.391.540;13.409.903;37.796.774;61.470.441;79.061.953;14.033.232;-0.11883753;15.422.403;0.67319221;0.043133494;liquid
44.953.315;0.92208178;49.448.760;0.020222954;13.440.668;13.459.315;37.906.167;61.424.533;79.104.236;14.016.387;-0.11817066;15.364.682;0.67292126;0.042995183;liquid
45.015.637;0.93561342;49.412.333;0.020237862;13.489.819;13.508.754;38.015.461;61.378.746;79.146.872;13.999.463;-0.11749962;15.307.397;0.67264660;0.042856755;liquid
45.077.960;0.94930121;49.375.806;0.020252834;13.538.995;13.558.221;38.124.658;61.333.079;79.189.863;13.982.459;-0.11682436;15.250.541;0.67236824;0.042718213;liquid
45.140.283;0.96314642;49.339.178;0.020267869;13.588.194;13.607.715;38.233.758;61.287.531;79.233.212;13.965.377;-0.11614485;15.194.112;0.67208619;0.042579556;liquid
45.202.605;0.97715030;49.302.450;0.020282968;13.637.418;13.657.238;38.342.761;61.242.103;79.276.923;13.948.216;-0.11546104;15.138.103;0.67180046;0.042440785;liquid
45.264.928;0.99131414;49.265.620;0.020298131;13.686.666;13.706.788;38.451.669;61.196.796;79.320.997;13.930.976;-0.11477289;15.082.510;0.67151107;0.042301901;liquid
45.327.251;10.056.392;49.228.690;0.020313358;13.735.939;13.756.367;38.560.482;61.151.608;79.365.438;13.913.657;-0.11408037;15.027.329;0.67121804;0.042162904;liquid
45.389.573;10.201.268;49.191.657;0.020328650;13.785.237;13.805.975;38.669.200;61.106.541;79.410.248;13.896.260;-0.11338342;14.972.555;0.67092136;0.042023795;liquid
45.451.896;10.347.781;49.154.523;0.020344008;13.834.559;13.855.611;38.777.825;61.061.593;79.455.430;13.878.784;-0.11268200;14.918.183;0.67062106;0.041884574;liquid
45.514.219;10.495.946;49.117.287;0.020359431;13.883.907;13.905.276;38.886.357;61.016.765;79.500.988;13.861.230;-0.11197608;14.864.209;0.67031715;0.041745243;liquid
45.576.541;10.645.774;49.079.948;0.020374920;13.933.280;13.954.970;38.994.797;60.972.058;79.546.923;13.843.597;-0.11126561;14.810.628;0.67000963;0.041605802;liquid
45.638.864;10.797.280;49.042.506;0.020390475;13.982.678;14.004.694;39.103.145;60.927.471;79.593.240;13.825.886;-0.11055054;14.757.436;0.66969851;0.041466251;liquid
45.701.187;10.950.475;49.004.962;0.020406097;14.032.102;14.054.448;39.211.402;60.883.004;79.639.941;13.808.097;-0.10983083;14.704.630;0.66938382;0.041326591;liquid
45.763.509;11.105.373;48.967.314;0.020421786;14.081.552;14.104.231;39.319.569;60.838.656;79.687.029;13.790.230;-0.10910643;14.652.204;0.66906554;0.041186824;liquid
45.825.832;11.261.987;48.929.563;0.020437542;14.131.028;14.154.045;39.427.646;60.794.430;79.734.507;13.772.285;-0.10837730;14.600.154;0.66874371;0.041046948;liquid
45.888.155;11.420.331;48.891.708;0.020453366;14.180.530;14.203.889;39.535.635;60.750.323;79.782.379;13.754.263;-0.10764339;14.548.476;0.66841832;0.040906967;liquid
45.950.477;11.580.417;48.853.748;0.020469258;14.230.059;14.253.763;39.643.535;60.706.336;79.830.648;13.736.162;-0.10690466;14.497.166;0.66808938;0.040766879;liquid
46.012.800;11.742.260;48.815.684;0.020485219;14.279.615;14.303.669;39.751.348;60.662.470;79.879.316;13.717.984;-0.10616106;14.446.221;0.66775690;0.040626685;liquid
46.075.123;11.905.872;48.777.515;0.020501249;14.329.197;14.353.605;39.859.073;60.618.724;79.928.388;13.699.728;-0.10541253;14.395.635;0.66742090;0.040486387;liquid
46.137.445;12.071.266;48.739.241;0.020517348;14.378.806;14.403.573;39.966.713;60.575.098;79.977.866;13.681.395;-0.10465904;14.345.406;0.66708138;0.040345985;liquid
46.199.768;12.238.457;48.700.862;0.020533517;14.428.443;14.453.572;40.074.267;60.531.593;80.027.754;13.662.984;-0.10390053;14.295.528;0.66673834;0.040205479;liquid
46.262.091;12.407.457;48.662.377;0.020549757;14.478.107;14.503.604;40.181.736;60.488.208;80.078.055;13.644.496;-0.10313695;14.245.999;0.66639181;0.040064871;liquid
46.324.413;12.578.281;48.623.785;0.020566067;14.527.798;14.553.667;40.289.121;60.444.943;80.128.773;13.625.930;-0.10236826;14.196.815;0.66604178;0.039924161;liquid
46.386.736;12.750.941;48.585.087;0.020582447;14.577.518;14.603.762;40.396.423;60.401.799;80.179.911;13.607.287;-0.10159440;14.147.971;0.66568826;0.039783349;liquid
46.449.059;12.925.452;48.546.282;0.020598900;14.627.265;14.653.890;40.503.641;60.358.775;80.231.473;13.588.567;-0.10081532;14.099.464;0.66533126;0.039642437;liquid
46.511.381;13.101.828;48.507.370;0.020615424;14.677.041;14.704.051;40.610.778;60.315.871;80.283.462;13.569.770;-0.10003097;14.051.290;0.66497079;0.039501424;liquid
46.573.704;13.280.081;48.468.351;0.020632020;14.726.845;14.754.245;40.717.833;60.273.088;80.335.882;13.550.895;-0.099241293;14.003.446;0.66460685;0.039360313;liquid
46.636.027;13.460.226;48.429.223;0.020648690;14.776.678;14.804.472;40.824.807;60.230.425;80.388.737;13.531.944;-0.098446241;13.955.928;0.66423946;0.039219103;liquid
46.698.349;13.642.277;48.389.987;0.020665432;14.826.540;14.854.732;40.931.701;60.187.883;80.442.030;13.512.916;-0.097645759;13.908.733;0.66386861;0.039077795;liquid
46.760.672;13.826.247;48.350.643;0.020682248;14.876.431;14.905.026;41.038.516;60.145.462;80.495.766;13.493.811;-0.096839793;13.861.857;0.66349433;0.038936391;liquid
46.822.995;14.012.151;48.311.189;0.020699139;14.926.351;14.955.355;41.145.251;60.103.161;80.549.948;13.474.629;-0.096028286;13.815.296;0.66311660;0.038794890;liquid
46.885.317;14.200.003;48.271.626;0.020716103;14.976.301;15.005.717;41.251.909;60.060.980;80.604.580;13.455.370;-0.095211183;13.769.047;0.66273545;0.038653293;liquid
46.947.640;14.389.815;48.231.953;0.020733143;15.026.280;15.056.115;41.358.490;60.018.921;80.659.665;13.436.034;-0.094388428;13.723.107;0.66235088;0.038511601;liquid
47.009.963;14.581.604;48.192.170;0.020750259;15.076.289;15.106.547;41.464.993;59.976.982;80.715.209;13.416.622;-0.093559964;13.677.473;0.66196288;0.038369815;liquid
47.072.285;14.775.382;48.152.277;0.020767450;15.126.329;15.157.014;41.571.421;59.935.164;80.771.215;13.397.133;-0.092725733;13.632.141;0.66157148;0.038227936;liquid
47.134.608;14.971.164;48.112.272;0.020784718;15.176.399;15.207.516;41.677.773;59.893.466;80.827.687;13.377.568;-0.091885676;13.587.107;0.66117668;0.038085964;liquid
47.196.931;15.168.965;48.072.156;0.020802063;15.226.499;15.258.054;41.784.051;59.851.890;80.884.629;13.357.926;-0.091039734;13.542.369;0.66077848;0.037943900;liquid
47.259.253;15.368.798;48.031.928;0.020819485;15.276.631;15.308.628;41.890.255;59.810.435;80.942.046;13.338.207;-0.090187847;13.497.924;0.66037688;0.037801745;liquid
47.321.576;15.570.678;47.991.588;0.020836985;15.326.793;15.359.238;41.996.385;59.769.100;80.999.942;13.318.412;-0.089329954;13.453.767;0.65997190;0.037659499;liquid
47.383.899;15.774.619;47.951.135;0.020854564;15.376.987;15.409.884;42.102.443;59.727.887;81.058.321;13.298.541;-0.088465994;13.409.897;0.65956355;0.037517163;liquid
47.446.221;15.980.636;47.910.570;0.020872221;15.427.212;15.460.567;42.208.429;59.686.794;81.117.188;13.278.593;-0.087595904;13.366.310;0.65915181;0.037374739;liquid
47.508.544;16.188.742;47.869.890;0.020889958;15.477.469;15.511.287;42.314.343;59.645.823;81.176.547;13.258.568;-0.086719622;13.323.003;0.65873672;0.037232226;liquid
47.570.867;16.398.954;47.829.097;0.020907775;15.527.758;15.562.045;42.420.188;59.604.973;81.236.402;13.238.467;-0.085837083;13.279.972;0.65831825;0.037089626;liquid
47.633.189;16.611.285;47.788.189;0.020925673;15.578.079;15.612.839;42.525.962;59.564.245;81.296.760;13.218.290;-0.084948223;13.237.216;0.65789644;0.036946939;liquid
47.695.512;16.825.749;47.747.166;0.020943651;15.628.433;15.663.672;42.631.667;59.523.638;81.357.623;13.198.037;-0.084052976;13.194.731;0.65747127;0.036804166;liquid
47.757.835;17.042.362;47.706.028;0.020961711;15.678.819;15.714.543;42.737.304;59.483.152;81.418.997;13.177.707;-0.083151276;13.152.514;0.65704275;0.036661308;liquid
47.820.157;17.261.139;47.664.775;0.020979854;15.729.238;15.765.452;42.842.873;59.442.788;81.480.887;13.157.301;-0.082243056;13.110.562;0.65661089;0.036518366;liquid
47.882.480;17.482.093;47.623.405;0.020998079;15.779.691;15.816.400;42.948.374;59.402.546;81.543.297;13.136.819;-0.081328248;13.068.872;0.65617570;0.036375340;liquid
47.944.803;17.705.241;47.581.918;0.021016387;15.830.176;15.867.386;43.053.810;59.362.425;81.606.233;13.116.260;-0.080406782;13.027.442;0.65573718;0.036232231;liquid
48.007.125;17.930.595;47.540.314;0.021034779;15.880.696;15.918.412;43.159.180;59.322.426;81.669.699;13.095.625;-0.079478589;12.986.269;0.65529533;0.036089041;liquid
48.069.448;18.158.173;47.498.592;0.021053256;15.931.249;15.969.478;43.264.485;59.282.549;81.733.701;13.074.914;-0.078543598;12.945.349;0.65485016;0.035945769;liquid
48.131.771;18.387.988;47.456.752;0.021071817;15.981.837;16.020.583;43.369.725;59.242.795;81.798.244;13.054.127;-0.077601737;12.904.681;0.65440167;0.035802416;liquid
48.194.093;18.620.056;47.414.794;0.021090464;16.032.458;16.071.729;43.474.902;59.203.162;81.863.334;13.033.264;-0.076652934;12.864.262;0.65394988;0.035658984;liquid
48.256.416;18.854.391;47.372.716;0.021109197;16.083.115;16.122.915;43.580.016;59.163.652;81.928.974;13.012.324;-0.075697116;12.824.088;0.65349477;0.035515473;liquid
48.318.739;19.091.009;47.330.518;0.021128017;16.133.806;16.174.142;43.685.068;59.124.264;81.995.172;12.991.308;-0.074734206;12.784.157;0.65303637;0.035371885;liquid
48.381.061;19.329.925;47.288.201;0.021146924;16.184.533;16.225.410;43.790.059;59.084.999;82.061.932;12.970.216;-0.073764131;12.744.468;0.65257466;0.035228219;liquid
48.443.384;19.571.155;47.245.762;0.021165920;16.235.295;16.276.719;43.894.989;59.045.856;82.129.261;12.949.047;-0.072786813;12.705.016;0.65210966;0.035084476;liquid
48.505.707;19.814.712;47.203.202;0.021185003;16.286.092;16.328.070;43.999.859;59.006.837;82.197.163;12.927.803;-0.071802175;12.665.800;0.65164138;0.034940658;liquid
48.568.029;20.060.613;47.160.521;0.021204176;16.336.926;16.379.463;44.104.669;58.967.940;82.265.644;12.906.482;-0.070810138;12.626.816;0.65116980;0.034796766;liquid
48.630.352;20.308.873;47.117.717;0.021223439;16.387.796;16.430.898;44.209.421;58.929.166;82.334.712;12.885.085;-0.069810622;12.588.063;0.65069495;0.034652799;liquid
48.692.675;20.559.507;47.074.790;0.021242793;16.438.702;16.482.376;44.314.116;58.890.516;82.404.370;12.863.611;-0.068803546;12.549.538;0.65021682;0.034508760;liquid
48.754.997;20.812.532;47.031.739;0.021262237;16.489.645;16.533.897;44.418.753;58.851.989;82.474.626;12.842.062;-0.067788829;12.511.239;0.64973541;0.034364648;liquid
48.817.320;21.067.961;46.988.565;0.021281774;16.540.625;16.585.461;44.523.333;58.813.586;82.545.485;12.820.435;-0.066766388;12.473.162;0.64925074;0.034220465;liquid
48.879.643;21.325.811;46.945.266;0.021301402;16.591.642;16.637.069;44.627.858;58.775.306;82.616.955;12.798.733;-0.065736138;12.435.307;0.64876280;0.034076211;liquid
48.941.965;21.586.098;46.901.841;0.021321124;16.642.697;16.688.721;44.732.328;58.737.151;82.689.040;12.776.954;-0.064697994;12.397.669;0.64827160;0.033931888;liquid
49.004.288;21.848.837;46.858.291;0.021340940;16.693.789;16.740.417;44.836.744;58.699.120;82.761.748;12.755.099;-0.063651869;12.360.248;0.64777714;0.033787496;liquid
49.066.611;22.114.043;46.814.615;0.021360851;16.744.920;16.792.158;44.941.106;58.661.213;82.835.085;12.733.168;-0.062597676;12.323.040;0.64727942;0.033643036;liquid
49.128.933;22.381.733;46.770.812;0.021380856;16.796.089;16.843.943;45.045.416;58.623.430;82.909.058;12.711.160;-0.061535326;12.286.043;0.64677845;0.033498509;liquid
49.191.256;22.651.922;46.726.880;0.021400958;16.847.297;16.895.774;45.149.674;58.585.773;82.983.674;12.689.075;-0.060464728;12.249.256;0.64627424;0.033353916;liquid
49.253.579;22.924.626;46.682.821;0.021421156;16.898.544;16.947.651;45.253.880;58.548.240;83.058.939;12.666.914;-0.059385791;12.212.675;0.64576678;0.033209257;liquid
49.315.901;23.199.861;46.638.633;0.021441452;16.949.830;16.999.574;45.358.036;58.510.832;83.134.860;12.644.677;-0.058298422;12.176.299;0.64525607;0.033064534;liquid
49.378.224;23.477.643;46.594.316;0.021461845;17.001.156;17.051.543;45.462.141;58.473.550;83.211.444;12.622.363;-0.057202527;12.140.125;0.64474213;0.032919748;liquid
49.440.547;23.757.987;46.549.868;0.021482338;17.052.521;17.103.559;45.566.198;58.436.394;83.288.699;12.599.972;-0.056098011;12.104.151;0.64422495;0.032774899;liquid
49.502.869;24.040.910;46.505.290;0.021502930;17.103.927;17.155.622;45.670.207;58.399.364;83.366.633;12.577.504;-0.054984776;12.068.375;0.64370454;0.032629988;liquid
49.565.192;24.326.428;46.460.580;0.021523623;17.155.373;17.207.732;45.774.168;58.362.459;83.445.251;12.554.960;-0.053862725;12.032.795;0.64318090;0.032485017;liquid
49.627.515;24.614.557;46.415.738;0.021544417;17.206.860;17.259.890;45.878.083;58.325.682;83.524.562;12.532.339;-0.052731757;11.997.409;0.64265403;0.032339985;liquid
49.689.837;24.905.313;46.370.763;0.021565312;17.258.388;17.312.097;45.981.951;58.289.031;83.604.574;12.509.641;-0.051591772;11.962.214;0.64212393;0.032194895;liquid
49.752.160;25.198.713;46.325.655;0.021586311;17.309.957;17.364.352;46.085.774;58.252.506;83.685.294;12.486.866;-0.050442667;11.927.209;0.64159062;0.032049747;liquid
49.814.483;25.494.772;46.280.413;0.021607413;17.361.568;17.416.656;46.189.553;58.216.110;83.766.731;12.464.014;-0.049284338;11.892.391;0.64105408;0.031904541;liquid
49.876.805;25.793.507;46.235.036;0.021628619;17.413.221;17.469.009;46.293.288;58.179.840;83.848.892;12.441.086;-0.048116679;11.857.759;0.64051432;0.031759280;liquid
49.939.128;26.094.934;46.189.524;0.021649931;17.464.916;17.521.412;46.396.980;58.143.699;83.931.786;12.418.079;-0.046939584;11.823.310;0.63997135;0.031613963;liquid
50.001.451;26.399.070;46.143.875;0.021671348;17.516.654;17.573.864;46.500.629;58.107.686;84.015.420;12.394.996;-0.045752943;11.789.042;0.63942517;0.031468591;liquid
50.063.773;26.705.930;46.098.090;0.021692873;17.568.435;17.626.368;46.604.238;58.071.801;84.099.804;12.371.836;-0.044556646;11.754.954;0.63887577;0.031323167;liquid
50.126.096;27.015.533;46.052.166;0.021714505;17.620.259;17.678.922;46.707.806;58.036.045;84.184.946;12.348.598;-0.043350580;11.721.043;0.63832317;0.031177690;liquid
50.188.419;27.327.893;46.006.105;0.021736246;17.672.127;17.731.528;46.811.334;58.000.419;84.270.855;12.325.282;-0.042134633;11.687.307;0.63776735;0.031032162;liquid
50.250.741;27.643.028;45.959.904;0.021758096;17.724.039;17.784.185;46.914.823;57.964.922;84.357.540;12.301.890;-0.040908689;11.653.745;0.63720834;0.030886583;liquid
50.313.064;27.960.955;45.913.563;0.021780057;17.775.995;17.836.894;47.018.274;57.929.555;84.445.009;12.278.419;-0.039672630;11.620.355;0.63664611;0.030740955;liquid
50.375.387;28.281.689;45.867.081;0.021802128;17.827.995;17.889.656;47.121.688;57.894.318;84.533.272;12.254.871;-0.038426338;11.587.134;0.63608069;0.030595278;liquid
50.437.709;28.605.248;45.820.458;0.021824312;17.880.041;17.942.470;47.225.065;57.859.212;84.622.339;12.231.245;-0.037169691;11.554.081;0.63551207;0.030449554;liquid
50.500.032;28.931.649;45.773.693;0.021846610;17.932.132;17.995.338;47.328.406;57.824.237;84.712.219;12.207.541;-0.035902567;11.521.194;0.63494024;0.030303783;liquid
50.562.355;29.260.909;45.726.785;0.021869021;17.984.269;18.048.259;47.431.712;57.789.393;84.802.922;12.183.759;-0.034624842;11.488.472;0.63436522;0.030157967;liquid
50.624.677;29.593.043;45.679.732;0.021891547;18.036.451;18.101.235;47.534.984;57.754.682;84.894.457;12.159.899;-0.033336389;11.455.911;0.63378700;0.030012106;liquid
50.687.000;29.928.070;45.632.535;0.021914189;18.088.680;18.154.265;47.638.223;57.720.102;84.986.835;12.135.961;-0.032037080;11.423.511;0.63320559;0.029866202;liquid
50.749.323;30.266.006;45.585.193;0.021936948;18.140.956;18.207.351;47.741.429;57.685.656;85.080.066;12.111.944;-0.030726783;11.391.270;0.63262098;0.029720255;liquid
50.811.645;30.606.869;45.537.704;0.021959825;18.193.279;18.260.491;47.844.604;57.651.342;85.174.160;12.087.849;-0.029405367;11.359.185;0.63203318;0.029574267;liquid
50.873.968;30.950.675;45.490.068;0.021982820;18.245.650;18.313.688;47.947.747;57.617.163;85.269.128;12.063.676;-0.028072697;11.327.256;0.63144218;0.029428238;liquid
50.936.291;31.297.441;45.442.284;0.022005936;18.298.068;18.366.941;48.050.861;57.583.118;85.364.981;12.039.424;-0.026728636;11.295.480;0.63084800;0.029282170;liquid
50.998.613;31.647.185;45.394.351;0.022029173;18.350.534;18.420.250;48.153.946;57.549.207;85.461.730;12.015.092;-0.025373046;11.263.856;0.63025062;0.029136064;liquid
51.060.936;31.999.925;45.346.268;0.022052531;18.403.049;18.473.617;48.257.002;57.515.431;85.559.386;11.990.682;-0.024005785;11.232.382;0.62965005;0.028989921;liquid
51.123.259;32.355.676;45.298.034;0.022076013;18.455.613;18.527.042;48.360.031;57.481.792;85.657.960;11.966.193;-0.022626710;11.201.056;0.62904629;0.028843741;liquid
51.185.581;32.714.457;45.249.649;0.022099619;18.508.227;18.580.525;48.463.033;57.448.288;85.757.465;11.941.625;-0.021235674;11.169.877;0.62843935;0.028697526;liquid
51.247.904;33.076.285;45.201.111;0.022123350;18.560.890;18.634.066;48.566.010;57.414.921;85.857.911;11.916.977;-0.019832531;11.138.842;0.62782921;0.028551277;liquid
51.310.227;33.441.178;45.152.420;0.022147207;18.613.604;18.687.666;48.668.962;57.381.692;85.959.312;11.892.250;-0.018417130;11.107.951;0.62721589;0.028404996;liquid
51.372.549;33.809.153;45.103.574;0.022171192;18.666.367;18.741.326;48.771.890;57.348.601;86.061.678;11.867.443;-0.016989317;11.077.201;0.62659937;0.028258682;liquid
51.434.872;34.180.227;45.054.572;0.022195305;18.719.182;18.795.046;48.874.795;57.315.648;86.165.024;11.842.556;-0.015548938;11.046.591;0.62597967;0.028112337;liquid
51.497.195;34.554.418;45.005.415;0.022219549;18.772.049;18.848.827;48.977.677;57.282.834;86.269.361;11.817.590;-0.014095834;11.016.120;0.62535677;0.027965963;liquid
51.559.517;34.931.744;44.956.100;0.022243922;18.824.967;18.902.669;49.080.539;57.250.160;86.374.702;11.792.543;-0.012629844;10.985.785;0.62473069;0.027819560;liquid
51.621.840;35.312.223;44.906.627;0.022268428;18.877.937;18.956.572;49.183.380;57.217.626;86.481.061;11.767.416;-0.011150806;10.955.585;0.62410142;0.027673130;liquid
51.684.163;35.695.872;44.856.994;0.022293068;18.930.960;19.010.537;49.286.201;57.185.234;86.588.452;11.742.208;-0.0096585536;10.925.519;0.62346895;0.027526673;liquid
51.746.485;36.082.709;44.807.201;0.022317841;18.984.036;19.064.565;49.389.004;57.152.983;86.696.887;11.716.920;-0.0081529177;10.895.585;0.62283330;0.027380192;liquid
51.808.808;36.472.752;44.757.247;0.022342751;19.037.166;19.118.656;49.491.790;57.120.874;86.806.382;11.691.551;-0.0066337270;10.865.782;0.62219445;0.027233686;liquid
51.871.131;36.866.020;44.707.130;0.022367797;19.090.349;19.172.810;49.594.559;57.088.909;86.916.949;11.666.101;-0.0051008068;10.836.107;0.62155242;0.027087157;liquid
51.933.453;37.262.529;44.656.849;0.022392982;19.143.587;19.227.029;49.697.312;57.057.088;87.028.605;11.640.569;-0.0035539796;10.806.559;0.62090718;0.026940607;liquid
51.995.776;37.662.298;44.606.404;0.022418306;19.196.880;19.281.312;49.800.050;57.025.411;87.141.363;11.614.956;-0.0019930650;10.777.138;0.62025876;0.026794036;liquid
52.058.099;38.065.345;44.555.794;0.022443770;19.250.228;19.335.661;49.902.775;56.993.879;87.255.239;11.589.262;-0.00041787932;10.747.840;0.61960714;0.026647446;liquid
52.120.421;38.471.688;44.505.016;0.022469377;19.303.632;19.390.075;50.005.486;56.962.493;87.370.248;11.563.486;0.0011717642;10.718.666;0.61895232;0.026500837;liquid
52.182.744;38.881.346;44.454.071;0.022495128;19.357.092;19.444.556;50.108.186;56.931.255;87.486.406;11.537.628;0.0027760555;10.689.613;0.61829430;0.026354211;liquid
52.245.067;39.294.336;44.402.956;0.022521023;19.410.608;19.499.103;50.210.875;56.900.164;87.603.729;11.511.687;0.0043951880;10.660.679;0.61763308;0.026207570;liquid
52.307.389;39.710.677;44.351.672;0.022547064;19.464.182;19.553.718;50.313.554;56.869.221;87.722.233;11.485.664;0.0060293584;10.631.864;0.61696866;0.026060914;liquid
52.369.712;40.130.388;44.300.216;0.022573253;19.517.813;19.608.401;50.416.224;56.838.428;87.841.936;11.459.559;0.0076787667;10.603.166;0.61630104;0.025914245;liquid
52.432.035;40.553.486;44.248.587;0.022599592;19.571.503;19.663.152;50.518.886;56.807.786;87.962.853;11.433.370;0.0093436167;10.574.584;0.61563021;0.025767563;liquid
52.494.357;40.979.991;44.196.785;0.022626080;19.625.251;19.717.973;50.621.541;56.777.294;88.085.004;11.407.099;0.011024116;10.546.115;0.61495617;0.025620871;liquid
52.556.680;41.409.921;44.144.808;0.022652721;19.679.058;19.772.863;50.724.190;56.746.955;88.208.404;11.380.744;0.012720474;10.517.759;0.61427893;0.025474169;liquid
52.619.003;41.843.294;44.092.654;0.022679515;19.732.925;19.827.824;50.826.834;56.716.768;88.333.073;11.354.305;0.014432908;10.489.514;0.61359847;0.025327458;liquid
52.681.325;42.280.129;44.040.323;0.022706464;19.786.852;19.882.855;50.929.474;56.686.736;88.459.028;11.327.783;0.016161634;10.461.379;0.61291480;0.025180741;liquid
52.743.648;42.720.445;43.987.814;0.022733569;19.840.840;19.937.958;51.032.112;56.656.858;88.586.290;11.301.176;0.017906876;10.433.353;0.61222791;0.025034017;liquid
52.805.971;43.164.260;43.935.124;0.022760832;19.894.888;19.993.134;51.134.748;56.627.136;88.714.876;11.274.485;0.019668861;10.405.433;0.61153780;0.024887290;liquid
52.868.293;43.611.594;43.882.253;0.022788255;19.948.999;20.048.382;51.237.383;56.597.572;88.844.807;11.247.710;0.021447818;10.377.620;0.61084446;0.024740558;liquid
52.930.616;44.062.465;43.829.200;0.022815840;20.003.172;20.103.704;51.340.019;56.568.165;88.976.102;11.220.849;0.023243984;10.349.910;0.61014790;0.024593825;liquid
52.992.939;44.516.893;43.775.962;0.022843587;20.057.407;20.159.100;51.442.656;56.538.918;89.108.783;11.193.904;0.025057596;10.322.303;0.60944812;0.024447091;liquid
53.055.261;44.974.895;43.722.539;0.022871499;20.111.706;20.214.570;51.545.295;56.509.831;89.242.870;11.166.873;0.026888899;10.294.798;0.60874510;0.024300358;liquid
53.117.584;45.436.492;43.668.930;0.022899577;20.166.069;20.270.116;51.647.938;56.480.905;89.378.384;11.139.756;0.028738141;10.267.393;0.60803884;0.024153627;liquid
53.179.907;45.901.703;43.615.132;0.022927822;20.220.496;20.325.738;51.750.586;56.452.142;89.515.348;11.112.553;0.030605575;10.240.087;0.60732934;0.024006899;liquid
53.242.229;46.370.546;43.561.145;0.022956238;20.274.988;20.381.437;51.853.240;56.423.543;89.653.784;11.085.263;0.032491457;10.212.878;0.60661660;0.023860176;liquid
53.304.552;46.843.041;43.506.966;0.022984825;20.329.546;20.437.214;51.955.902;56.395.108;89.793.713;11.057.887;0.034396052;10.185.766;0.60590062;0.023713459;liquid
53.366.875;47.319.208;43.452.595;0.023013585;20.384.170;20.493.068;52.058.571;56.366.840;89.935.161;11.030.424;0.036319625;10.158.749;0.60518138;0.023566750;liquid
53.429.197;47.799.065;43.398.031;0.023042520;20.438.861;20.549.002;52.161.249;56.338.739;90.078.150;11.002.874;0.038262449;10.131.825;0.60445888;0.023420049;liquid
53.491.520;48.282.633;43.343.270;0.023071632;20.493.619;20.605.015;52.263.939;56.310.807;90.222.706;10.975.236;0.040224802;10.104.993;0.60373313;0.023273359;liquid
53.553.843;48.769.930;43.288.313;0.023100923;20.548.445;20.661.108;52.366.640;56.283.045;90.368.852;10.947.511;0.042206967;10.078.252;0.60300411;0.023126680;liquid
53.616.165;49.260.976;43.233.158;0.023130395;20.603.340;20.717.282;52.469.354;56.255.454;90.516.614;10.919.697;0.044209232;10.051.601;0.60227182;0.022980015;liquid
53.678.488;49.755.791;43.177.802;0.023160049;20.658.304;20.773.538;52.572.082;56.228.037;90.666.018;10.891.794;0.046231891;10.025.039;0.60153625;0.022833364;liquid
53.740.811;50.254.395;43.122.244;0.023189888;20.713.338;20.829.877;52.674.825;56.200.794;90.817.092;10.863.802;0.048275244;99.985.636;0.60079740;0.022686729;liquid
53.803.133;50.756.807;43.066.483;0.023219913;20.768.442;20.886.299;52.777.585;56.173.726;90.969.861;10.835.721;0.050339596;99.721.741;0.60005527;0.022540112;liquid
53.865.456;51.263.048;43.010.517;0.023250127;20.823.618;20.942.805;52.880.363;56.146.836;91.124.354;10.807.550;0.052425259;99.458.692;0.59930985;0.022393513;liquid
53.927.779;51.773.137;42.954.345;0.023280532;20.878.865;20.999.396;52.983.160;56.120.124;91.280.600;10.779.290;0.054532550;99.196.476;0.59856113;0.022246935;liquid
53.990.101;52.287.094;42.897.964;0.023311130;20.934.186;21.056.073;53.085.978;56.093.593;91.438.627;10.750.938;0.056661794;98.935.081;0.59780911;0.022100379;liquid
54.052.424;52.804.939;42.841.373;0.023341923;20.989.579;21.112.836;53.188.817;56.067.244;91.598.465;10.722.496;0.058813320;98.674.495;0.59705377;0.021953847;liquid
54.114.747;53.326.693;42.784.570;0.023372912;21.045.046;21.169.686;53.291.680;56.041.078;91.760.145;10.693.963;0.060987467;98.414.705;0.59629512;0.021807339;liquid
54.177.069;53.852.375;42.727.553;0.023404102;21.100.588;21.226.625;53.394.567;56.015.098;91.923.698;10.665.338;0.063184577;98.155.698;0.59553315;0.021660858;liquid
54.239.392;54.382.006;42.670.321;0.023435493;21.156.205;21.283.652;53.497.479;55.989.305;92.089.156;10.636.621;0.065405002;97.897.462;0.59476785;0.021514405;liquid
54.301.715;54.915.606;42.612.871;0.023467088;21.211.898;21.340.769;53.600.419;55.963.700;92.256.551;10.607.811;0.067649099;97.639.986;0.59399922;0.021367982;liquid
54.364.037;55.453.196;42.555.203;0.023498889;21.267.668;21.397.977;53.703.387;55.938.286;92.425.918;10.578.909;0.069917233;97.383.256;0.59322724;0.021221590;liquid
54.426.360;55.994.796;42.497.313;0.023530899;21.323.516;21.455.277;53.806.385;55.913.065;92.597.290;10.549.913;0.072209778;97.127.261;0.59245191;0.021075231;liquid
54.488.683;56.540.427;42.439.200;0.023563121;21.379.442;21.512.669;53.909.414;55.888.038;92.770.702;10.520.824;0.074527114;96.871.987;0.59167322;0.020928907;liquid
54.551.005;57.090.109;42.380.863;0.023595556;21.435.447;21.570.154;54.012.476;55.863.207;92.946.190;10.491.640;0.076869629;96.617.425;0.59089116;0.020782618;liquid
54.613.328;57.643.864;42.322.298;0.023628207;21.491.532;21.627.734;54.115.572;55.838.575;93.123.792;10.462.362;0.079237719;96.363.560;0.59010573;0.020636367;liquid
54.675.651;58.201.711;42.263.504;0.023661076;21.547.697;21.685.409;54.218.704;55.814.143;93.303.545;10.432.989;0.081631789;96.110.381;0.58931692;0.020490156;liquid
54.737.973;58.763.672;42.204.480;0.023694167;21.603.944;21.743.180;54.321.873;55.789.913;93.485.488;10.403.520;0.084052253;95.857.876;0.58852472;0.020343986;liquid
54.800.296;59.329.767;42.145.222;0.023727482;21.660.273;21.801.048;54.425.081;55.765.888;93.669.660;10.373.955;0.086499531;95.606.032;0.58772911;0.020197858;liquid
54.862.619;59.900.019;42.085.729;0.023761024;21.716.686;21.859.014;54.528.329;55.742.069;93.856.102;10.344.293;0.088974056;95.354.839;0.58693010;0.020051775;liquid
54.924.941;60.474.447;42.025.998;0.023794795;21.773.182;21.917.080;54.631.618;55.718.460;94.044.856;10.314.534;0.091476266;95.104.283;0.58612766;0.019905738;liquid
54.987.264;61.053.074;41.966.028;0.023828798;21.829.763;21.975.245;54.734.951;55.695.061;94.235.964;10.284.678;0.094006613;94.854.354;0.58532180;0.019759749;liquid
55.049.587;61.635.919;41.905.816;0.023863036;21.886.430;22.033.512;54.838.329;55.671.877;94.429.470;10.254.724;0.096565554;94.605.038;0.58451250;0.019613810;liquid
55.111.909;62.223.006;41.845.359;0.023897513;21.943.183;22.091.881;54.941.753;55.648.908;94.625.419;10.224.671;0.099153559;94.356.325;0.58369974;0.019467922;liquid
55.174.232;62.814.355;41.784.656;0.023932230;22.000.024;22.150.353;55.045.225;55.626.158;94.823.858;10.194.519;0.10177111;94.108.201;0.58288353;0.019322088;liquid
55.236.555;63.409.987;41.723.705;0.023967191;22.056.953;22.208.929;55.148.748;55.603.629;95.024.833;10.164.267;0.10441869;93.860.656;0.58206385;0.019176308;liquid
55.298.877;64.009.925;41.662.502;0.024002399;22.113.972;22.267.611;55.252.321;55.581.323;95.228.393;10.133.915;0.10709680;93.613.677;0.58124069;0.019030586;liquid
55.361.200;64.614.190;41.601.045;0.024037858;22.171.080;22.326.399;55.355.948;55.559.244;95.434.588;10.103.463;0.10980597;93.367.253;0.58041403;0.018884922;liquid
55.423.523;65.222.804;41.539.332;0.024073569;22.228.280;22.385.295;55.459.630;55.537.393;95.643.469;10.072.909;0.11254670;93.121.371;0.57958387;0.018739319;liquid
55.485.845;65.835.788;41.477.361;0.024109538;22.285.573;22.444.300;55.563.368;55.515.775;95.855.088;10.042.253;0.11531953;92.876.019;0.57875019;0.018593778;liquid
55.548.168;66.453.166;41.415.128;0.024145766;22.342.958;22.503.414;55.667.166;55.494.390;96.069.500;10.011.494;0.11812501;92.631.187;0.57791299;0.018448302;liquid
55.610.491;67.074.958;41.352.631;0.024182258;22.400.438;22.562.640;55.771.023;55.473.244;96.286.759;99.806.327;0.12096371;92.386.861;0.57707224;0.018302892;liquid
55.672.813;67.701.187;41.289.868;0.024219017;22.458.012;22.621.978;55.874.942;55.452.338;96.506.923;99.496.674;0.12383618;92.143.031;0.57622793;0.018157551;liquid
55.735.136;68.331.876;41.226.836;0.024256046;22.515.683;22.681.430;55.978.926;55.431.676;96.730.049;99.185.977;0.12674303;91.899.683;0.57538006;0.018012279;liquid
55.797.459;68.967.046;41.163.531;0.024293348;22.573.452;22.740.996;56.082.975;55.411.260;96.956.198;98.874.231;0.12968484;91.656.807;0.57452861;0.017867080;liquid
55.859.781;69.606.721;41.099.951;0.024330929;22.631.319;22.800.678;56.187.093;55.391.095;97.185.432;98.561.428;0.13266222;91.414.390;0.57367356;0.017721955;liquid
55.922.104;70.250.922;41.036.094;0.024368791;22.689.285;22.860.478;56.291.280;55.371.182;97.417.814;98.247.563;0.13567581;91.172.420;0.57281490;0.017576906;liquid
55.984.427;70.899.673;40.971.956;0.024406938;22.747.352;22.920.397;56.395.539;55.351.527;97.653.408;97.932.629;0.13872624;90.930.885;0.57195261;0.017431936;liquid
56.046.749;71.552.995;40.907.535;0.024445374;22.805.521;22.980.435;56.499.872;55.332.132;97.892.283;97.616.618;0.14181418;90.689.774;0.57108668;0.017287045;liquid
56.109.072;72.210.913;40.842.827;0.024484103;22.863.793;23.040.595;56.604.280;55.313.000;98.134.506;97.299.525;0.14494029;90.449.074;0.57021710;0.017142238;liquid
56.171.395;72.873.449;40.777.829;0.024523130;22.922.169;23.100.878;56.708.767;55.294.137;98.380.149;96.981.342;0.14810526;90.208.773;0.56934385;0.016997515;liquid
56.233.717;73.540.626;40.712.538;0.024562458;22.980.650;23.161.284;56.813.334;55.275.544;98.629.284;96.662.061;0.15130979;89.968.860;0.56846691;0.016852878;liquid
56.296.040;74.212.467;40.646.951;0.024602091;23.039.238;23.221.817;56.917.983;55.257.227;98.881.987;96.341.677;0.15455461;89.729.321;0.56758626;0.016708331;liquid
56.358.363;74.888.995;40.581.065;0.024642034;23.097.934;23.282.476;57.022.717;55.239.188;99.138.335;96.020.182;0.15784045;89.490.145;0.56670189;0.016563875;liquid
56.420.685;75.570.235;40.514.876;0.024682292;23.156.739;23.343.264;57.127.537;55.221.434;99.398.406;95.697.567;0.16116807;89.251.320;0.56581378;0.016419512;liquid
56.483.008;76.256.209;40.448.381;0.024722868;23.215.654;23.404.182;57.232.447;55.203.966;99.662.284;95.373.826;0.16453824;89.012.833;0.56492191;0.016275244;liquid
56.545.331;76.946.942;40.381.577;0.024763768;23.274.681;23.465.231;57.337.448;55.186.790;99.930.052;95.048.951;0.16795176;88.774.673;0.56402627;0.016131074;liquid
56.607.653;77.642.456;40.314.459;0.024804996;23.333.822;23.526.414;57.442.542;55.169.911;10.020.180;94.722.934;0.17140944;88.536.826;0.56312683;0.015987005;liquid
56.669.976;78.342.776;40.247.025;0.024846557;23.393.076;23.587.731;57.547.733;55.153.332;10.047.761;94.395.768;0.17491211;88.299.280;0.56222358;0.015843038;liquid
56.732.299;79.047.926;40.179.270;0.024888456;23.452.447;23.649.185;57.653.022;55.137.059;10.075.758;94.067.443;0.17846064;88.062.024;0.56131649;0.015699175;liquid
56.794.621;79.757.930;40.111.191;0.024930698;23.511.935;23.710.777;57.758.413;55.121.096;10.104.180;93.737.952;0.18205588;87.825.043;0.56040555;0.015555420;liquid
56.856.944;80.472.812;40.042.784;0.024973289;23.571.541;23.772.508;57.863.907;55.105.448;10.133.038;93.407.287;0.18569875;87.588.327;0.55949073;0.015411774;liquid
56.919.267;81.192.597;39.974.045;0.025016232;23.631.268;23.834.381;57.969.507;55.090.120;10.162.340;93.075.439;0.18939016;87.351.861;0.55857202;0.015268241;liquid
56.981.589;81.917.308;39.904.971;0.025059535;23.691.117;23.896.398;58.075.216;55.075.118;10.192.099;92.742.399;0.19313105;87.115.634;0.55764939;0.015124822;liquid
57.043.912;82.646.972;39.835.556;0.025103202;23.751.088;23.958.559;58.181.036;55.060.446;10.222.323;92.408.159;0.19692240;86.879.632;0.55672281;0.014981519;liquid
57.106.235;83.381.612;39.765.797;0.025147239;23.811.185;24.020.867;58.286.971;55.046.111;10.253.026;92.072.710;0.20076520;86.643.843;0.55579228;0.014838337;liquid
57.168.557;84.121.253;39.695.691;0.025191651;23.871.409;24.083.324;58.393.023;55.032.119;10.284.217;91.736.043;0.20466047;86.408.253;0.55485775;0.014695276;liquid
57.230.880;84.865.921;39.625.231;0.025236446;23.931.760;24.145.932;58.499.195;55.018.474;10.315.909;91.398.147;0.20860925;86.172.850;0.55391921;0.014552340;liquid
57.293.203;85.615.640;39.554.414;0.025281628;23.992.241;24.208.692;58.605.490;55.005.183;10.348.113;91.059.015;0.21261261;85.937.620;0.55297664;0.014409531;liquid
57.355.525;86.370.436;39.483.236;0.025327205;24.052.854;24.271.606;58.711.910;54.992.252;10.380.844;90.718.636;0.21667167;85.702.550;0.55203001;0.014266853;liquid
57.417.848;87.130.335;39.411.691;0.025373181;24.113.600;24.334.678;58.818.459;54.979.687;10.414.112;90.377.001;0.22078755;85.467.627;0.55107929;0.014124307;liquid
57.480.171;87.895.362;39.339.776;0.025419565;24.174.482;24.397.908;58.925.140;54.967.496;10.447.933;90.034.100;0.22496142;85.232.836;0.55012446;0.013981896;liquid
57.542.493;88.665.542;39.267.485;0.025466362;24.235.500;24.461.299;59.031.956;54.955.684;10.482.320;89.689.922;0.22919447;84.998.165;0.54916548;0.013839623;liquid
57.604.816;89.440.903;39.194.813;0.025513580;24.296.657;24.524.853;59.138.911;54.944.260;10.517.287;89.344.458;0.23348792;84.763.599;0.54820234;0.013697492;liquid
57.667.139;90.221.469;39.121.755;0.025561225;24.357.955;24.588.572;59.246.006;54.933.229;10.552.849;88.997.696;0.23784304;84.529.125;0.54723501;0.013555504;liquid
57.729.461;91.007.267;39.048.307;0.025609305;24.419.395;24.652.458;59.353.247;54.922.600;10.589.022;88.649.627;0.24226112;84.294.729;0.54626344;0.013413663;liquid
57.791.784;91.798.323;38.974.462;0.025657827;24.480.980;24.716.515;59.460.636;54.912.380;10.625.822;88.300.239;0.24674350;84.060.396;0.54528763;0.013271972;liquid
57.854.107;92.594.664;38.900.216;0.025706798;24.542.712;24.780.743;59.568.177;54.902.577;10.663.264;87.949.521;0.25129154;83.826.112;0.54430753;0.013130433;liquid
57.916.429;93.396.317;38.825.563;0.025756227;24.604.593;24.845.146;59.675.873;54.893.199;10.701.366;87.597.461;0.25590666;83.591.863;0.54332312;0.012989050;liquid
57.978.752;94.203.309;38.750.496;0.025806121;24.666.624;24.909.726;59.783.728;54.884.254;10.740.147;87.244.049;0.26059030;83.357.633;0.54233436;0.012847826;liquid
58.041.075;95.015.666;38.675.012;0.025856488;24.728.809;24.974.486;59.891.746;54.875.751;10.779.623;86.889.273;0.26534396;83.123.409;0.54134122;0.012706763;liquid
58.103.397;95.833.417;38.599.103;0.025907338;24.791.149;25.039.428;59.999.931;54.867.700;10.819.815;86.533.119;0.27016916;82.889.174;0.54034367;0.012565865;liquid
58.165.720;96.656.587;38.522.764;0.025958678;24.853.646;25.104.554;60.108.286;54.860.109;10.860.742;86.175.577;0.27506750;82.654.914;0.53934167;0.012425136;liquid
58.228.043;97.485.206;38.445.988;0.026010517;24.916.304;25.169.868;60.216.815;54.852.987;10.902.424;85.816.633;0.28004059;82.420.614;0.53833520;0.012284577;liquid
58.290.365;98.319.301;38.368.768;0.026062864;24.979.124;25.235.372;60.325.524;54.846.346;10.944.883;85.456.274;0.28509011;82.186.257;0.53732421;0.012144194;liquid
58.352.688;99.158.899;38.291.100;0.026115729;25.042.109;25.301.069;60.434.414;54.840.194;10.988.141;85.094.487;0.29021779;81.951.828;0.53630867;0.012003988;liquid
58.415.011;10.000.403;38.212.975;0.026169122;25.105.261;25.366.963;60.543.492;54.834.542;11.032.221;84.731.258;0.29542541;81.717.311;0.53528855;0.011863964;liquid
58.477.334;10.085.472;38.134.387;0.026223052;25.168.583;25.433.055;60.652.762;54.829.402;11.077.146;84.366.574;0.30071480;81.482.689;0.53426380;0.011724125;liquid
58.539.656;10.171.100;38.055.329;0.026277529;25.232.078;25.499.349;60.762.227;54.824.784;11.122.942;84.000.420;0.30608785;81.247.947;0.53323438;0.011584474;liquid
58.601.979;10.257.290;37.975.794;0.026332563;25.295.748;25.565.849;60.871.893;54.820.701;11.169.634;83.632.782;0.31154651;81.013.066;0.53220027;0.011445015;liquid
58.664.302;10.344.044;37.895.774;0.026388167;25.359.596;25.632.556;60.981.764;54.817.164;11.217.249;83.263.643;0.31709280;80.778.031;0.53116141;0.011305751;liquid
58.726.624;10.431.366;37.815.262;0.026444349;25.423.625;25.699.476;61.091.845;54.814.185;11.265.815;82.892.990;0.32272879;80.542.823;0.53011778;0.011166687;liquid
58.788.947;10.519.259;37.734.250;0.026501123;25.487.838;25.766.610;61.202.141;54.811.779;11.315.361;82.520.805;0.32845663;80.307.425;0.52906932;0.011027826;liquid
58.851.270;10.607.725;37.652.730;0.026558499;25.552.238;25.833.963;61.312.658;54.809.957;11.365.918;82.147.073;0.33427854;80.071.819;0.52801599;0.010889171;liquid
58.913.592;10.696.767;37.570.694;0.026616490;25.616.828;25.901.538;61.423.400;54.808.735;11.417.517;81.771.776;0.34019681;79.835.988;0.52695776;0.010750727;liquid
58.975.915;10.786.389;37.488.134;0.026675107;25.681.611;25.969.339;61.534.373;54.808.126;11.470.191;81.394.896;0.34621380;79.599.911;0.52589457;0.010612497;liquid
59.038.238;10.876.594;37.405.040;0.026734365;25.746.590;26.037.369;61.645.582;54.808.146;11.523.975;81.016.415;0.35233196;79.363.570;0.52482639;0.010474486;liquid
59.100.560;10.967.384;37.321.404;0.026794276;25.811.769;26.105.632;61.757.032;54.808.810;11.578.905;80.636.315;0.35855384;79.126.947;0.52375316;0.010336698;liquid
59.162.883;11.058.763;37.237.217;0.026854853;25.877.151;26.174.133;61.868.731;54.810.134;11.635.018;80.254.575;0.36488204;78.890.020;0.52267485;0.010199136;liquid
59.225.206;11.150.734;37.152.470;0.026916111;25.942.740;26.242.875;61.980.684;54.812.136;11.692.354;79.871.176;0.37131929;78.652.770;0.52159140;0.010061805;liquid
59.287.528;11.243.300;37.067.152;0.026978064;26.008.540;26.311.862;62.092.896;54.814.832;11.750.954;79.486.095;0.37786840;78.415.176;0.52050276;0.0099247095;liquid
59.349.851;11.336.464;36.981.254;0.027040727;26.074.553;26.381.099;62.205.375;54.818.241;11.810.861;79.099.312;0.38453228;78.177.218;0.51940890;0.0097878534;liquid
59.412.174;11.430.229;36.894.765;0.027104116;26.140.785;26.450.591;62.318.127;54.822.382;11.872.121;78.710.804;0.39131398;77.938.874;0.51830975;0.0096512414;liquid
59.474.496;11.524.599;36.807.676;0.027168246;26.207.238;26.520.341;62.431.158;54.827.275;11.934.780;78.320.545;0.39821662;77.700.121;0.51720527;0.0095148780;liquid
59.536.819;11.619.577;36.719.974;0.027233135;26.273.917;26.590.355;62.544.475;54.832.940;11.998.890;77.928.512;0.40524346;77.460.937;0.51609541;0.0093787677;liquid
59.599.142;11.715.166;36.631.649;0.027298798;26.340.827;26.660.637;62.658.086;54.839.398;12.064.502;77.534.678;0.41239791;77.221.299;0.51498011;0.0092429154;liquid
59.661.464;11.811.369;36.542.689;0.027365255;26.407.972;26.731.193;62.771.998;54.846.673;12.131.671;77.139.016;0.41968346;76.981.184;0.51385933;0.0091073257;liquid
59.723.787;11.908.190;36.453.083;0.027432522;26.475.355;26.802.027;62.886.219;54.854.787;12.200.455;76.741.497;0.42710380;76.740.566;0.51273301;0.0089720037;liquid
59.786.110;12.005.633;36.362.817;0.027500619;26.542.982;26.873.145;63.000.756;54.863.765;12.270.915;76.342.090;0.43466274;76.499.422;0.51160109;0.0088369543;liquid
59.848.432;12.103.699;36.271.880;0.027569566;26.610.858;26.944.552;63.115.618;54.873.633;12.343.115;75.940.765;0.44236424;76.257.724;0.51046352;0.0087021825;liquid
59.910.755;12.202.394;36.180.257;0.027639383;26.678.988;27.016.254;63.230.812;54.884.417;12.417.124;75.537.488;0.45021245;76.015.448;0.50932026;0.0085676937;liquid
59.973.078;12.301.721;36.087.936;0.027710091;26.747.376;27.088.258;63.346.348;54.896.146;12.493.012;75.132.224;0.45821169;75.772.565;0.50817124;0.0084334931;liquid
60.035.400;12.401.682;35.994.902;0.027781712;26.816.028;27.160.568;63.462.234;54.908.848;12.570.855;74.724.935;0.46636645;75.529.048;0.50701640;0.0082995861;liquid
60.097.723;12.502.282;35.901.140;0.027854269;26.884.950;27.233.192;63.578.480;54.922.555;12.650.734;74.315.583;0.47468146;75.284.868;0.50585570;0.0081659784;liquid
60.160.046;12.603.524;35.806.635;0.027927785;26.954.147;27.306.135;63.695.096;54.937.299;12.732.732;73.904.127;0.48316164;75.039.994;0.50468907;0.0080326754;liquid
60.222.368;12.705.412;35.711.372;0.028002285;27.023.625;27.379.405;63.812.091;54.953.114;12.816.940;73.490.522;0.49181212;74.794.397;0.50351647;0.0078996832;liquid
60.284.691;12.807.949;35.615.333;0.028077794;27.093.390;27.453.009;63.929.476;54.970.036;12.903.452;73.074.723;0.50063830;74.548.043;0.50233783;0.0077670075;liquid
60.347.014;12.911.140;35.518.503;0.028154340;27.163.449;27.526.953;64.047.261;54.988.102;12.992.371;72.656.681;0.50964582;74.300.901;0.50115310;0.0076346544;liquid
60.409.336;13.014.987;35.420.863;0.028231949;27.233.808;27.601.246;64.165.458;55.007.353;13.083.802;72.236.344;0.51884061;74.052.936;0.49996222;0.0075026301;liquid
60.471.659;13.119.495;35.322.395;0.028310651;27.304.474;27.675.895;64.284.078;55.027.830;13.177.860;71.813.657;0.52822888;73.804.112;0.49876515;0.0073709411;liquid
60.533.982;13.224.668;35.223.079;0.028390476;27.375.455;27.750.909;64.403.134;55.049.577;13.274.668;71.388.561;0.53781715;73.554.393;0.49756183;0.0072395936;liquid
60.596.304;13.330.509;35.122.897;0.028471456;27.446.757;27.826.296;64.522.638;55.072.642;13.374.354;70.960.995;0.54761228;73.303.740;0.49635220;0.0071085945;liquid
60.658.627;13.437.023;35.021.826;0.028553623;27.518.389;27.902.065;64.642.603;55.097.074;13.477.058;70.530.894;0.55762149;73.052.113;0.49513623;0.0069779505;liquid
60.720.950;13.544.212;34.919.845;0.028637011;27.590.359;27.978.224;64.763.042;55.122.925;13.582.927;70.098.187;0.56785236;72.799.470;0.49391385;0.0068476687;liquid
60.783.272;13.652.083;34.816.932;0.028721658;27.662.675;28.054.785;64.883.971;55.150.251;13.692.120;69.662.801;0.57831290;72.545.771;0.49268502;0.0067177561;liquid
60.845.595;13.760.637;34.713.062;0.028807600;27.735.346;28.131.757;65.005.405;55.179.111;13.804.808;69.224.656;0.58901154;72.290.968;0.49144971;0.0065882202;liquid
60.907.918;13.869.881;34.608.210;0.028894878;27.808.381;28.209.150;65.127.358;55.209.568;13.921.170;68.783.669;0.59995719;72.035.013;0.49020786;0.0064590685;liquid
60.970.240;13.979.817;34.502.351;0.028983532;27.881.791;28.286.975;65.249.848;55.241.690;14.041.404;68.339.752;0.61115924;71.777.858;0.48895945;0.0063303087;liquid
61.032.563;14.090.450;34.395.456;0.029073608;27.955.585;28.365.245;65.372.891;55.275.547;14.165.720;67.892.811;0.62262764;71.519.451;0.48770444;0.0062019488;liquid
61.094.886;14.201.784;34.287.498;0.029165149;28.029.774;28.443.971;65.496.507;55.311.217;14.294.343;67.442.744;0.63437288;71.259.737;0.48644281;0.0060739970;liquid
61.157.208;14.313.824;34.178.445;0.029258206;28.104.370;28.523.167;65.620.713;55.348.779;14.427.516;66.989.446;0.64640610;70.998.659;0.48517453;0.0059464617;liquid
61.219.531;14.426.574;34.068.266;0.029352830;28.179.384;28.602.844;65.745.530;55.388.323;14.565.504;66.532.804;0.65873907;70.736.157;0.48389960;0.0058193515;liquid
61.281.854;14.540.038;33.956.926;0.029449073;28.254.828;28.683.019;65.870.979;55.429.942;14.708.590;66.072.699;0.67138428;70.472.167;0.48261801;0.0056926755;liquid
61.344.176;14.654.222;33.844.391;0.029546993;28.330.717;28.763.705;65.997.083;55.473.735;14.857.080;65.609.005;0.68435495;70.206.623;0.48132977;0.0055664426;liquid
61.406.499;14.769.129;33.730.623;0.029646651;28.407.063;28.844.918;66.123.864;55.519.812;15.011.307;65.141.585;0.69766515;69.939.454;0.48003489;0.0054406625;liquid
61.468.822;14.884.765;33.615.581;0.029748110;28.483.881;28.926.675;66.251.347;55.568.289;15.171.632;64.670.300;0.71132979;69.670.586;0.47873340;0.0053153449;liquid
61.531.144;15.001.133;33.499.225;0.029851437;28.561.188;29.008.994;66.379.560;55.619.290;15.338.446;64.194.999;0.72536471;69.399.941;0.47742536;0.0051904997;liquid
61.593.467;15.118.239;33.381.509;0.029956705;28.638.999;29.091.892;66.508.529;55.672.953;15.512.173;63.715.523;0.73978675;69.127.434;0.47611082;0.0050661375;liquid
61.655.790;15.236.089;33.262.386;0.030063989;28.717.332;29.175.390;66.638.284;55.729.424;15.693.277;63.231.704;0.75461382;68.852.978;0.47478986;0.0049422689;liquid
61.718.112;15.354.685;33.141.806;0.030173371;28.796.205;29.259.508;66.768.856;55.788.861;15.882.262;62.743.368;0.76986496;68.576.480;0.47346259;0.0048189051;liquid
61.780.435;15.474.035;33.019.715;0.030284937;28.875.638;29.344.268;66.900.279;55.851.438;16.079.677;62.250.328;0.78556043;68.297.839;0.47212915;0.0046960575;liquid
61.842.758;15.594.142;32.896.057;0.030398780;28.955.652;29.429.695;67.032.588;55.917.341;16.286.123;61.752.389;0.80172182;68.016.951;0.47078970;0.0045737380;liquid
61.905.080;15.715.012;32.770.771;0.030514998;29.036.268;29.515.812;67.165.820;55.986.774;16.502.257;61.249.348;0.81837206;67.733.702;0.46944443;0.0044519589;liquid
61.967.403;15.836.650;32.643.792;0.030633696;29.117.511;29.602.646;67.300.015;56.059.961;16.728.800;60.740.989;0.83553563;67.447.974;0.46809358;0.0043307330;liquid
62.029.726;15.959.062;32.515.051;0.030754987;29.199.406;29.690.226;67.435.216;56.137.143;16.966.541;60.227.091;0.85323853;67.159.639;0.46673744;0.0042100735;liquid
62.092.048;16.082.253;32.384.476;0.030878993;29.281.978;29.778.582;67.571.468;56.218.586;17.216.347;59.707.419;0.87150850;66.868.562;0.46537636;0.0040899942;liquid
62.154.371;16.206.228;32.251.987;0.031005842;29.365.258;29.867.746;67.708.821;56.304.582;17.479.171;59.181.733;0.89037504;66.574.597;0.46401072;0.0039705093;liquid
62.216.694;16.330.993;32.117.500;0.031135674;29.449.276;29.957.753;67.847.325;56.395.447;17.756.065;58.649.781;0.90986955;66.277.591;0.46264101;0.0038516339;liquid
62.279.016;16.456.554;31.980.925;0.031268639;29.534.064;30.048.638;67.987.038;56.491.533;18.048.186;58.111.306;0.93002546;65.977.379;0.46126779;0.0037333833;liquid
62.341.339;16.582.917;31.842.165;0.031404900;29.619.658;30.140.443;68.128.017;56.593.224;18.356.815;57.566.041;0.95087831;65.673.784;0.45989170;0.0036157738;liquid
62.403.662;16.710.087;31.701.117;0.031544630;29.706.094;30.233.208;68.270.328;56.700.943;18.683.366;57.013.716;0.97246587;65.366.619;0.45851350;0.0034988223;liquid
62.465.984;16.838.070;31.557.669;0.031688018;29.793.414;30.326.979;68.414.038;56.815.158;19.029.407;56.454.055;0.99482825;65.055.683;0.45713410;0.0033825463;liquid
62.528.307;16.966.873;31.411.703;0.031835268;29.881.661;30.421.805;68.559.220;56.936.384;19.396.677;55.886.779;10.180.080;64.740.762;0.45575451;0.0032669644;liquid
62.590.630;17.096.502;31.263.091;0.031986600;29.970.879;30.517.738;68.705.955;57.065.189;19.787.110;55.311.611;10.420.503;64.421.627;0.45437595;0.0031520959;liquid
62.652.952;17.226.963;31.111.695;0.032142253;30.061.121;30.614.834;68.854.325;57.202.203;20.202.854;54.728.275;10.670.027;64.098.034;0.45299982;0.0030379611;liquid
62.715.275;17.358.263;30.957.369;0.032302487;30.152.437;30.713.152;69.004.423;57.348.121;20.646.308;54.136.506;10.929.157;63.769.723;0.45162774;0.0029245814;liquid
62.777.598;17.490.408;30.799.954;0.032467581;30.244.887;30.812.758;69.156.346;57.503.713;21.120.146;53.536.046;11.198.424;63.436.416;0.45026158;0.0028119792;liquid
62.839.920;17.623.405;30.639.281;0.032637842;30.338.530;30.913.720;69.310.198;57.669.831;21.627.362;52.926.659;11.478.386;63.097.818;0.44890353;0.0027001781;liquid
62.902.243;17.757.262;30.475.167;0.032813602;30.433.434;31.016.114;69.466.093;57.847.417;22.171.309;52.308.131;11.769.627;62.753.614;0.44755609;0.0025892033;liquid
62.964.566;17.891.984;30.307.418;0.032995222;30.529.668;31.120.018;69.624.152;58.037.512;22.755.755;51.680.283;12.072.759;62.403.472;0.44622217;0.0024790811;liquid
63.026.888;18.027.580;30.135.826;0.033183095;30.627.310;31.225.521;69.784.505;58.241.265;23.384.942;51.042.980;12.388.416;62.047.038;0.44490511;0.0023698396;liquid
63.089.211;18.164.057;29.960.167;0.033377651;30.726.440;31.332.713;69.947.292;58.459.943;24.063.658;50.396.141;12.717.258;61.683.938;0.44360875;0.0022615086;liquid
63.151.534;18.301.423;29.780.203;0.033579354;30.827.146;31.441.696;70.112.665;58.694.935;24.797.331;49.739.757;13.059.963;61.313.780;0.44233750;0.0021541199;liquid
63.213.856;18.439.686;29.595.680;0.033788715;30.929.522;31.552.575;70.280.784;58.947.763;25.592.144;49.073.899;13.417.229;60.936.147;0.44109644;0.0020477073;liquid
63.276.179;18.578.856;29.406.325;0.034006290;31.033.669;31.665.467;70.451.824;59.220.087;26.455.174;48.398.745;13.789.768;60.550.605;0.43989139;0.0019423070;liquid
63.338.502;18.718.940;29.211.849;0.034232684;31.139.697;31.780.496;70.625.973;59.513.701;27.394.591;47.714.586;14.178.307;60.156.697;0.43872902;0.0018379581;liquid
63.400.824;18.859.948;29.011.943;0.034468564;31.247.722;31.897.797;70.803.435;59.830.537;28.419.915;47.021.850;14.583.592;59.753.943;0.43761707;0.0017347025;liquid
63.463.147;19.001.891;28.806.275;0.034714659;31.357.872;32.017.516;70.984.431;60.172.654;29.542.383;46.321.108;15.006.389;59.341.841;0.43656448;0.0016325855;liquid
63.525.470;19.144.780;28.594.489;0.034971774;31.470.287;32.139.814;71.169.202;60.542.228;30.775.470;45.613.077;15.447.503;58.919.856;0.43558178;0.0015316562;liquid
63.587.792;19.288.625;28.376.196;0.035240805;31.585.121;32.264.868;71.358.016;60.941.540;32.135.648;44.898.609;15.907.806;58.487.420;0.43468153;0.0014319683;liquid
63.650.115;19.433.441;28.150.967;0.035522758;31.702.547;32.392.877;71.551.174;61.372.961;33.643.507;44.178.649;16.388.288;58.043.912;0.43387906;0.0013335803;liquid
63.712.438;19.579.241;27.918.317;0.035818779;31.822.765;32.524.069;71.749.020;61.838.961;35.325.437;43.454.166;16.890.134;57.588.640;0.43319362;0.0012365568;liquid
63.774.760;19.726.041;27.677.680;0.036130196;31.946.007;32.658.712;71.951.961;62.342.140;37.216.143;42.726.024;17.414.855;57.120.800;0.43265000;0.0011409691;liquid
63.837.083;19.873.858;27.428.376;0.036458594;32.072.556;32.797.129;72.160.487;62.885.329;39.362.468;41.994.795;17.964.458;56.639.428;0.43228113;0.0010468966;liquid
63.899.406;20.022.710;27.169.554;0.036805904;32.202.765;32.939.719;72.375.206;63.471.813;41.829.225;41.260.483;18.541.699;56.143.319;0.43213164;0.00095442845;liquid
63.961.728;20.172.618;26.900.115;0.037174562;32.337.087;33.086.995;72.596.901;64.105.740;44.708.246;40.522.152;19.150.418;55.630.910;0.43226325;0.00086366548;liquid
64.024.051;20.323.606;26.618.594;0.037567724;32.476.116;33.239.628;72.826.598;64.792.872;48.132.721;39.777.431;19.795.971;55.100.132;0.43276228;0.00077472284;liquid
64.086.374;20.475.699;26.322.988;0.037989608;32.620.653;33.398.517;73.065.678;65.541.848;52.300.734;39.021.874;20.485.802;54.548.183;0.43375088;0.00068773356;liquid
64.148.696;20.628.925;26.010.509;0.038446000;32.771.798;33.564.898;73.316.038;66.366.344;57.515.562;38.248.102;21.230.196;53.971.240;0.43540366;0.00060285340;liquid
64.211.019;20.783.311;25.677.199;0.038945058;32.931.091;33.740.498;73.580.336;67.288.758;64.258.537;37.444.629;22.043.320;53.364.040;0.43797423;0.00052026773;liquid
64.273.342;20.938.890;25.317.337;0.039498625;33.100.733;33.927.791;73.862.378;68.346.715;73.329.249;36.594.142;22.944.762;52.719.307;0.44183961;0.00044020156;liquid
64.335.664;21.095.691;24.922.463;0.040124445;33.283.954;34.130.407;74.167.758;69.605.073;86.135.815;35.670.856;23.961.929;52.026.917;0.44758073;0.00036293497;liquid
64.397.987;21.253.742;24.479.712;0.040850154;33.485.635;34.353.853;74.504.962;71.179.258;10.535.065;34.636.459;25.133.895;51.272.677;0.45614189;0.00028882807;liquid
64.460.310;21.413.068;23.968.879;0.041720766;33.713.432;34.606.802;74.887.351;73.282.959;13.656.596;33.434.534;26.517.335;50.436.540;0.46918648;0.00021836472;liquid
64.522.632;21.573.687;23.357.057;0.042813613;33.979.878;34.903.526;75.336.921;76.329.460;19.319.804;31.986.473;28.193.672;49.490.218;0.49004745;0.00015223736;liquid
64.584.955;21.735.618;22.587.615;0.044272048;34.306.970;35.269.251;75.892.540;81.159.969;31.589.728;30.202.102;30.269.752;48.396.396;0.52723490;9,15E+02;liquid
64.647.278;21.898.932;21.536.118;0.046433625;34.745.138;35.761.985;76.643.632;89.846.860;71.952.209;28.001.997;32.867.480;47.132.491;0.61749590;3,84E+02;liquid
